{"type": "FeatureCollection", "features": [{"type": "Feature", "properties": {"rank": 11.0, "eligible": true, "eligibility_reasons": "", "distribution_ready": true, "distribution_readiness_reasons": "", "apn": "0691421100", "site_apns": "0691421100", "site_type": "greenfield", "parcel_count": 1, "residential_zoning": true, "SITUS_ADD": "25100 N HWY 1", "SITUS_CTY": "FORT BRAGG", "FID": 61732, "centroid_lon": -123.7769638136477, "centroid_lat": 39.50062723888964, "score": 0.7581924189981609, "gross_acres": 39.38815340687613, "screenable_acres": 29.34603451407874, "excluded_acres": 10.042118892797387, "wetland_exclusion_acres": 10.042143347568226, "protected_exclusion_acres": 8.443189040868315e-05, "farmland_exclusion_acres": 0.0, "city_exclusion_acres": 0.0, "improvement_value": 21751.0, "improvement_value_per_acre": 552.2218768499782, "flat_fraction": 0.9375, "open_fraction": 0.96875, "contiguous_acres": 25.797801825172062, "mean_slope_deg": 5.126667218409326, "estimated_mw": 4.690509422758557, "reference_project_mw": 1.0, "reference_battery_mwh": 4.0, "reference_annual_mwh": 1545.7377699999997, "reference_average_kw": 176.4540833333333, "static_pv_export_limit_mw": 0.649, "reference_export_gap_mw": 0.351, "interconnection_path": "controlled_export_or_distribution_upgrade", "screened_project_mw": 0.649, "screened_annual_mwh": 1003.1838127299999, "transmission_distance_m": 7281.834853568505, "transmission_Name": "PG&E 60kV", "transmission_kV": "60", "transmission_Owner": "PG&E", "transmission_Status": "Operational", "transmission_Type": "OH", "highway_1_side": "east", "highway_1_distance_m": 8.217112732590621, "highway_1_viewshed_exposure": 0.014452678099367048, "highway_1_visible_length_m": 2100.0, "highway_1_nearest_visible_distance_m": 36.892873528708996, "pge_distance_m": 971.1763845218859, "pge_FeederId": "042761101", "pge_FeederName": "FORT BRAGG A 1101", "pge_CSV_LineSection": "3637370", "pge_GenCapacity_kW": 418.0, "pge_GenericPVCapacity_kW": 649.0, "pge_voltage_kv": 12, "pge_phase_cnt": 3.0, "pge_ICA_Analysis_Date": "May 2026", "pge_Feeder_Name": "FORT BRAGG A 1101", "pge_Substation": "FORT BRAGG A", "pge_Nominal_Voltage": "12", "pge_ResCust": 2136, "pge_ComCust": 484, "pge_IndCust": 66, "pge_AgrCust": 3, "pge_OthCust": 25, "pge_Existing_DG": 1684, "pge_Queued_DG": 2188, "pge_Total_DG": 3872, "pge_profile_min_load_kw": 1706.0, "pge_profile_peak_load_kw": 4575.0, "pge_profile_min_midday_load_kw": 1901.0, "fire_hazard": "High", "solar_kwh_m2_day": 4.9243, "annual_mwh_per_mw": 1545.7377699999997, "LCP_CODE": "R", "GEN_PLAN": "RMR40", "BASEZONE": "RMR", "score_contiguous_land": 1.0, "score_flat_fraction": 0.9375, "score_open_land_cover": 0.96875, "score_undeveloped": 0.9447778123150021, "score_industrial_reuse": 0.0, "score_distribution_proximity": 0.3786373528848588, "score_residential_demand": 0.7824175824175824, "score_evening_peak_demand": 1.0, "score_grid_hosting_capacity": 0.3245, "score_solar_resource": 1.0, "score_transmission_proximity": 0.0006879221685289062, "score_low_highway_visibility": 0.6386830475158238}, "geometry": {"type": "Polygon", "coordinates": [[[-123.7787413, 39.498650229999974], [-123.77875857, 39.49926402999999], [-123.77880974, 39.502227440000006], [-123.77497138884034, 39.50221642407845], [-123.77487361598097, 39.50221614099468], [-123.7748276981909, 39.50212731172446], [-123.77475545132535, 39.501800894768074], [-123.77475253766116, 39.501789546432455], [-123.77469667271643, 39.50158898427594], [-123.77471196879341, 39.50143828670153], [-123.77471290056094, 39.50140889721338], [-123.77470964657267, 39.501379636678266], [-123.77465956051341, 39.50110360324454], [-123.77469061343481, 39.5009309851174], [-123.77475078752411, 39.50074495097349], [-123.77484310672122, 39.50058386480846], [-123.77484481881959, 39.500580930021705], [-123.7749319883799, 39.50042387518509], [-123.77507139288431, 39.50032005969561], [-123.77509240847219, 39.500303020590174], [-123.77526134948151, 39.500153172902344], [-123.77528406361263, 39.500130677603664], [-123.77530365745909, 39.500106387107486], [-123.77535916578329, 39.500028753017844], [-123.77537435062945, 39.500004778493306], [-123.77538645689, 39.49997981806455], [-123.77539525666263, 39.4999539688188], [-123.77540077311265, 39.49992768036169], [-123.7754027783387, 39.49990104977994], [-123.77540152341136, 39.499874429592246], [-123.77539860137534, 39.49985839822799], [-123.77541243035435, 39.49984653401484], [-123.77542665954859, 39.499833396576065], [-123.77554062907925, 39.49972189829075], [-123.77554804381614, 39.499714374646175], [-123.77561984720747, 39.4996388501508], [-123.7756375332925, 39.499618220936846], [-123.77565271751222, 39.49959649798931], [-123.77566539986819, 39.499573681309215], [-123.77567525008895, 39.499550141329905], [-123.77568215654178, 39.4995259715559], [-123.77568636566349, 39.49950143458465], [-123.77568753791849, 39.499476721007184], [-123.77568696691422, 39.49942495197865], [-123.77571843828594, 39.499330586095894], [-123.7757762942121, 39.49920586622666], [-123.77582400788049, 39.49914648487183], [-123.77594206758508, 39.49910988320402], [-123.77634067821201, 39.49909849863324], [-123.77638186042365, 39.49909542804639], [-123.77674883393085, 39.49905088311174], [-123.7767823289786, 39.49904552756202], [-123.77681499666372, 39.499037675722796], [-123.7768466044489, 39.4990273347629], [-123.77687657562991, 39.4990146125243], [-123.77690492410731, 39.498999778770944], [-123.77690605433882, 39.498999113484004], [-123.77693141734555, 39.498982840672134], [-123.7769547064818, 39.49896474044748], [-123.77697558221492, 39.49894500340536], [-123.77698995080203, 39.49893006020575], [-123.77701137159326, 39.49890508265901], [-123.77702909540905, 39.49887841780227], [-123.7770429036216, 39.498850342568204], [-123.77705149713248, 39.49882954312333], [-123.77706137120168, 39.49879969782947], [-123.77706678541794, 39.49876917944901], [-123.7770694968761, 39.49874270719227], [-123.77707054734489, 39.49872015888013], [-123.77706915157992, 39.49869759591655], [-123.77706574806443, 39.49866770962348], [-123.7770623568264, 39.49864709951451], [-123.77705851490626, 39.498632547054314], [-123.7787413, 39.498650229999974]]]}}, {"type": "Feature", "properties": {"rank": 12.0, "eligible": true, "eligibility_reasons": "", "distribution_ready": true, "distribution_readiness_reasons": "", "apn": "0691420200", "site_apns": "0691420200", "site_type": "greenfield", "parcel_count": 1, "residential_zoning": true, "SITUS_ADD": "24950 N HWY 1", "SITUS_CTY": "FORT BRAGG", "FID": 15270, "centroid_lon": -123.77957199047314, "centroid_lat": 39.500569326690446, "score": 0.7579882740418352, "gross_acres": 12.054736724334264, "screenable_acres": 12.054736724334264, "excluded_acres": 0.0, "wetland_exclusion_acres": 0.0, "protected_exclusion_acres": 0.0, "farmland_exclusion_acres": 0.0, "city_exclusion_acres": 0.0, "improvement_value": 0.0, "improvement_value_per_acre": 0.0, "flat_fraction": 1.0, "open_fraction": 0.9516129032258065, "contiguous_acres": 13.121295755906479, "mean_slope_deg": 4.514709773216939, "estimated_mw": 2.3856901374375417, "reference_project_mw": 1.0, "reference_battery_mwh": 4.0, "reference_annual_mwh": 1545.7377699999997, "reference_average_kw": 176.4540833333333, "static_pv_export_limit_mw": 0.649, "reference_export_gap_mw": 0.351, "interconnection_path": "controlled_export_or_distribution_upgrade", "screened_project_mw": 0.649, "screened_annual_mwh": 1003.1838127299999, "transmission_distance_m": 7241.404637365967, "transmission_Name": "PG&E 60kV", "transmission_kV": "60", "transmission_Owner": "PG&E", "transmission_Status": "Operational", "transmission_Type": "OH", "highway_1_side": "west", "highway_1_distance_m": 6.525920177053245, "highway_1_viewshed_exposure": 0.007890208375273416, "highway_1_visible_length_m": 1400.0, "highway_1_nearest_visible_distance_m": 101.30298331278253, "pge_distance_m": 924.5209657453686, "pge_FeederId": "042761101", "pge_FeederName": "FORT BRAGG A 1101", "pge_CSV_LineSection": "3637370", "pge_GenCapacity_kW": 418.0, "pge_GenericPVCapacity_kW": 649.0, "pge_voltage_kv": 12, "pge_phase_cnt": 3.0, "pge_ICA_Analysis_Date": "May 2026", "pge_Feeder_Name": "FORT BRAGG A 1101", "pge_Substation": "FORT BRAGG A", "pge_Nominal_Voltage": "12", "pge_ResCust": 2136, "pge_ComCust": 484, "pge_IndCust": 66, "pge_AgrCust": 3, "pge_OthCust": 25, "pge_Existing_DG": 1684, "pge_Queued_DG": 2188, "pge_Total_DG": 3872, "pge_profile_min_load_kw": 1706.0, "pge_profile_peak_load_kw": 4575.0, "pge_profile_min_midday_load_kw": 1901.0, "fire_hazard": "High", "solar_kwh_m2_day": 4.9243, "annual_mwh_per_mw": 1545.7377699999997, "LCP_CODE": "R", "GEN_PLAN": "RMR40", "BASEZONE": "RMR", "score_contiguous_land": 0.656064787795324, "score_flat_fraction": 1.0, "score_open_land_cover": 0.9516129032258065, "score_undeveloped": 1.0, "score_industrial_reuse": 0.0, "score_distribution_proximity": 0.39672141671182226, "score_residential_demand": 0.7824175824175824, "score_evening_peak_demand": 1.0, "score_grid_hosting_capacity": 0.3245, "score_solar_resource": 1.0, "score_transmission_proximity": 0.0007163049045070619, "score_low_highway_visibility": 0.8027447906181646}, "geometry": {"type": "Polygon", "coordinates": [[[-123.77902431000001, 39.49845543000002], [-123.77913049, 39.49834009], [-123.78004577000002, 39.49890199000005], [-123.78031066, 39.49906854000003], [-123.78036567000001, 39.50222494000002], [-123.77880974, 39.502227440000006], [-123.77875857, 39.49926402999999], [-123.77972370000002, 39.49905151999998], [-123.77902431000001, 39.49845543000002]]]}}, {"type": "Feature", "properties": {"rank": 30.0, "eligible": true, "eligibility_reasons": "", "distribution_ready": true, "distribution_readiness_reasons": "", "apn": "0691710500", "site_apns": "0691710500", "site_type": "greenfield", "parcel_count": 1, "residential_zoning": true, "SITUS_ADD": "23400 N HWY 1", "SITUS_CTY": "FORT BRAGG", "FID": 8658, "centroid_lon": -123.79943850310808, "centroid_lat": 39.47959107958291, "score": 0.6855688348008917, "gross_acres": 18.09399064670693, "screenable_acres": 18.09399064670693, "excluded_acres": 0.0, "wetland_exclusion_acres": 0.0, "protected_exclusion_acres": 0.0, "farmland_exclusion_acres": 0.0, "city_exclusion_acres": 0.0, "improvement_value": 0.0, "improvement_value_per_acre": 0.0, "flat_fraction": 1.0, "open_fraction": 0.7875, "contiguous_acres": 14.010875129188275, "mean_slope_deg": 1.3350430996779807, "estimated_mw": 2.5474318416705954, "reference_project_mw": 1.0, "reference_battery_mwh": 4.0, "reference_annual_mwh": 1545.7377699999997, "reference_average_kw": 176.4540833333333, "static_pv_export_limit_mw": 0.683, "reference_export_gap_mw": 0.31699999999999995, "interconnection_path": "controlled_export_or_distribution_upgrade", "screened_project_mw": 0.683, "screened_annual_mwh": 1055.73889691, "transmission_distance_m": 4896.953257280315, "transmission_Name": "PG&E 60kV", "transmission_kV": "60", "transmission_Owner": "PG&E", "transmission_Status": "Operational", "transmission_Type": "OH", "highway_1_side": "west", "highway_1_distance_m": 10.100440895244567, "highway_1_viewshed_exposure": 0.05356650525084265, "highway_1_visible_length_m": 4600.0, "highway_1_nearest_visible_distance_m": 106.14367582804728, "pge_distance_m": 2.5287832635801513, "pge_FeederId": "042761101", "pge_FeederName": "FORT BRAGG A 1101", "pge_CSV_LineSection": "3338370", "pge_GenCapacity_kW": 464.0, "pge_GenericPVCapacity_kW": 683.0, "pge_voltage_kv": 12, "pge_phase_cnt": 3.0, "pge_ICA_Analysis_Date": "May 2026", "pge_Feeder_Name": "FORT BRAGG A 1101", "pge_Substation": "FORT BRAGG A", "pge_Nominal_Voltage": "12", "pge_ResCust": 2136, "pge_ComCust": 484, "pge_IndCust": 66, "pge_AgrCust": 3, "pge_OthCust": 25, "pge_Existing_DG": 1684, "pge_Queued_DG": 2188, "pge_Total_DG": 3872, "pge_profile_min_load_kw": 1706.0, "pge_profile_peak_load_kw": 4575.0, "pge_profile_min_midday_load_kw": 1901.0, "fire_hazard": "High", "solar_kwh_m2_day": 4.9243, "annual_mwh_per_mw": 1545.7377699999997, "LCP_CODE": "U", "GEN_PLAN": "RR5(2)", "BASEZONE": "RR", "score_contiguous_land": 0.7005437564594137, "score_flat_fraction": 1.0, "score_open_land_cover": 0.7875, "score_undeveloped": 1.0, "score_industrial_reuse": 0.0, "score_distribution_proximity": 0.997474411415366, "score_residential_demand": 0.7824175824175824, "score_evening_peak_demand": 1.0, "score_grid_hosting_capacity": 0.3415, "score_solar_resource": 1.0, "score_transmission_proximity": 0.007469305490788859, "score_low_highway_visibility": 0.0}, "geometry": {"type": "Polygon", "coordinates": [[[-123.79639635999999, 39.47966519999997], [-123.79636859999998, 39.479651349999976], [-123.79708610000002, 39.47882713999999], [-123.79942102, 39.47886402000001], [-123.80011348, 39.47887841999998], [-123.80079375, 39.478896119999995], [-123.80216437, 39.47892325999998], [-123.80192181999999, 39.48037026000001], [-123.80191847000002, 39.480394099999984], [-123.79918979, 39.48034287000004], [-123.79765832, 39.480306629999994], [-123.79639635999999, 39.47966519999997]]]}}, {"type": "Feature", "properties": {"rank": 40.0, "eligible": true, "eligibility_reasons": "", "distribution_ready": true, "distribution_readiness_reasons": "", "apn": "1272900100", "site_apns": "1272900100", "site_type": "greenfield", "parcel_count": 1, "residential_zoning": false, "SITUS_ADD": "7351 S HWY 1", "SITUS_CTY": "ELK", "FID": 35526, "centroid_lon": -123.70951945513231, "centroid_lat": 39.11883383817152, "score": 0.6588744216428957, "gross_acres": 88.79733479657905, "screenable_acres": 74.10092216289624, "excluded_acres": 14.696412633682812, "wetland_exclusion_acres": 14.696412633682115, "protected_exclusion_acres": 0.0, "farmland_exclusion_acres": 0.0, "city_exclusion_acres": 0.0, "improvement_value": 18092.0, "improvement_value_per_acre": 203.74485384551204, "flat_fraction": 0.5987841945288754, "open_fraction": 0.513677811550152, "contiguous_acres": 16.45721840571321, "mean_slope_deg": 10.56632206304286, "estimated_mw": 2.9922215283114926, "reference_project_mw": 1.0, "reference_battery_mwh": 4.0, "reference_annual_mwh": 1545.7377699999997, "reference_average_kw": 176.4540833333333, "static_pv_export_limit_mw": 1.18, "reference_export_gap_mw": 0.0, "interconnection_path": "static_distribution", "screened_project_mw": 0.873, "screened_annual_mwh": 1349.4290732099998, "transmission_distance_m": 0.0, "transmission_Name": "PG&E 60kV", "transmission_kV": "60", "transmission_Owner": "PG&E", "transmission_Status": "Operational", "transmission_Type": "OH", "highway_1_side": "east", "highway_1_distance_m": 10.079902558422008, "highway_1_viewshed_exposure": 7.955332379905467e-05, "highway_1_visible_length_m": 300.0, "highway_1_nearest_visible_distance_m": 3380.382768519445, "pge_distance_m": 921.2281927847852, "pge_FeederId": "042981101", "pge_FeederName": "ELK 1101", "pge_CSV_LineSection": "4435593", "pge_GenCapacity_kW": 820.0, "pge_GenericPVCapacity_kW": 1180.0, "pge_voltage_kv": 12, "pge_phase_cnt": 3.0, "pge_ICA_Analysis_Date": "Apr 2025", "pge_Feeder_Name": "ELK 1101", "pge_Substation": "ELK", "pge_Nominal_Voltage": "12", "pge_ResCust": 1317, "pge_ComCust": 177, "pge_IndCust": 25, "pge_AgrCust": 16, "pge_OthCust": 17, "pge_Existing_DG": 1024, "pge_Queued_DG": 1163, "pge_Total_DG": 2187, "pge_profile_min_load_kw": 873.0, "pge_profile_peak_load_kw": 2366.0, "pge_profile_min_midday_load_kw": 873.0, "fire_hazard": "Moderate", "solar_kwh_m2_day": 4.9243, "annual_mwh_per_mw": 1545.7377699999997, "LCP_CODE": "R", "GEN_PLAN": "RL160", "BASEZONE": "RL", "score_contiguous_land": 0.8228609202856605, "score_flat_fraction": 0.5987841945288754, "score_open_land_cover": 0.513677811550152, "score_undeveloped": 0.9796255146154488, "score_industrial_reuse": 0.0, "score_distribution_proximity": 0.3980298833251595, "score_residential_demand": 0.4824175824175824, "score_evening_peak_demand": 0.5171584699453552, "score_grid_hosting_capacity": 0.59, "score_solar_resource": 1.0, "score_transmission_proximity": 1.0, "score_low_highway_visibility": 0.9980111669050237}, "geometry": {"type": "MultiPolygon", "coordinates": [[[[-123.7098231, 39.11847419000001], [-123.71107042999999, 39.11815586999996], [-123.70947196000002, 39.11670732999999], [-123.71290872000002, 39.11574447999998], [-123.71298372, 39.115857340000005], [-123.71313731, 39.11615854999999], [-123.71332937000001, 39.11651959999999], [-123.71475692500098, 39.11898952243093], [-123.7147556405109, 39.11898968895505], [-123.71453362957128, 39.11902094596943], [-123.71450228272846, 39.11902649339359], [-123.71449621112808, 39.119027848979904], [-123.71446464422327, 39.11903592438039], [-123.71435268564613, 39.119069410768475], [-123.71433375656109, 39.11906620555948], [-123.71429644268956, 39.11906139937341], [-123.71421918394685, 39.119054748587686], [-123.71420535112489, 39.11905381933141], [-123.71412833501334, 39.11904968237759], [-123.71409413054788, 39.1190491035973], [-123.71400780846146, 39.119051103047006], [-123.71398434997376, 39.11905226791915], [-123.71390171560793, 39.119058477146055], [-123.71389110563457, 39.1190594306816], [-123.71370298829676, 39.11907821784381], [-123.71362455210121, 39.119082678174536], [-123.71348742110112, 39.11908334347644], [-123.71314098776465, 39.11907552601152], [-123.71313183164175, 39.119075444697614], [-123.71297437667825, 39.11907510760686], [-123.71296939830142, 39.11907516918143], [-123.71292261744135, 39.11907560341509], [-123.71292876671176, 39.11906199932681], [-123.7129363974299, 39.11903871522982], [-123.71293912406395, 39.11902845702441], [-123.71296112869645, 39.11902832713447], [-123.71298980144006, 39.119027183745956], [-123.71302373611519, 39.119024709498156], [-123.71305427554557, 39.11902152823666], [-123.7130833770679, 39.119017400258535], [-123.71308866619322, 39.11901660884921], [-123.71323603590362, 39.11899384107968], [-123.71325234782125, 39.11899109310811], [-123.71331016989528, 39.118979877144284], [-123.71334622992582, 39.11897130500752], [-123.71340355772439, 39.118954881402026], [-123.71344182470283, 39.11894182977398], [-123.71346624058431, 39.1189320815], [-123.71349434666467, 39.11891969953701], [-123.71351638565996, 39.118908763012705], [-123.71353207402453, 39.11890054120757], [-123.71357816386998, 39.11887491498348], [-123.71360087200736, 39.118861166643356], [-123.7136286788533, 39.11884285074555], [-123.71364769458533, 39.11882939496297], [-123.71366537900553, 39.11881480913672], [-123.7136860006579, 39.11879644196], [-123.71370950060549, 39.118773124632256], [-123.71372955090317, 39.118748021423116], [-123.71374241354938, 39.118729710500354], [-123.71375666890944, 39.11870685486473], [-123.71376821398125, 39.118683091286506], [-123.71377750910924, 39.11866065688626], [-123.71378814722497, 39.11862809645371], [-123.71379304907441, 39.11860813707191], [-123.71379759045338, 39.118583326202085], [-123.71379910627736, 39.11855824731612], [-123.71379912264081, 39.11854248881701], [-123.71379720930848, 39.118513732472884], [-123.7137912611332, 39.11848536917857], [-123.71378163872866, 39.1184576580856], [-123.71377678322231, 39.11844637019143], [-123.71376517163255, 39.11842286179641], [-123.71379467428716, 39.11841980197022], [-123.7138336665302, 39.118411950769236], [-123.71385357546059, 39.118407022085655], [-123.71388303744146, 39.118398560733866], [-123.71391135411982, 39.11838806321356], [-123.71393829868786, 39.11837562648066], [-123.71396376000806, 39.11836134396746], [-123.71398739560404, 39.1183453161539], [-123.71399264620149, 39.11834146432316], [-123.71401512288652, 39.11832313062088], [-123.71403532476843, 39.11830333543846], [-123.71405313617838, 39.11828208230097], [-123.71406810804031, 39.11825965502779], [-123.71408048076212, 39.11823622638748], [-123.7140826650048, 39.118231297375296], [-123.71409219818113, 39.118206694601014], [-123.71409880334838, 39.11818146066323], [-123.71410214710231, 39.11815587585696], [-123.71410235418283, 39.11813011647373], [-123.71409943819414, 39.11810445223634], [-123.71409748799346, 39.11809334598155], [-123.71409231523296, 39.1180711722349], [-123.71408484269364, 39.118049338689026], [-123.7140749683091, 39.11802811858998], [-123.7140670215811, 39.11801296287236], [-123.7140453674775, 39.11797868483191], [-123.71403220891901, 39.11796125665699], [-123.71400785119913, 39.117933094039145], [-123.71399320023029, 39.117918232606364], [-123.71397315376066, 39.117899753623725], [-123.71395109326274, 39.117882686679614], [-123.71393980331268, 39.11787474641489], [-123.71391633433622, 39.1178596133329], [-123.7138912074041, 39.11784606153135], [-123.71387743168559, 39.11783936758126], [-123.71385491061167, 39.11782924817071], [-123.71383164786168, 39.117820502035556], [-123.71381515050177, 39.11781497153732], [-123.71377530413271, 39.11780357898139], [-123.71375620079763, 39.11779920840917], [-123.71371096553933, 39.11779122163761], [-123.71366562134655, 39.1177856694014], [-123.71362875036698, 39.11778274050263], [-123.71356073276822, 39.11778013003758], [-123.71353616113252, 39.11777988801182], [-123.7134913655982, 39.11778062219645], [-123.71345567381627, 39.117782699884636], [-123.71340909775412, 39.11778718014693], [-123.71337573512237, 39.117791798190495], [-123.71332957169412, 39.11779986768047], [-123.71329588235542, 39.117807197023296], [-123.71325265813314, 39.11781841860278], [-123.71321502226213, 39.1178301903207], [-123.71318351682851, 39.11784177530605], [-123.71314801047379, 39.1178567237859], [-123.71311668631499, 39.117871905059005], [-123.71308725363767, 39.11788783912554], [-123.71305622188358, 39.117906523257666], [-123.71303234129088, 39.117922288210906], [-123.71300149533192, 39.11794465854212], [-123.71298265883088, 39.11795936940328], [-123.71295210526714, 39.117985242597115], [-123.71293736485094, 39.11799847801538], [-123.71290643232481, 39.118028324748174], [-123.71289508038848, 39.118039836140696], [-123.71286355115294, 39.11807393318145], [-123.71285620467211, 39.11808217098456], [-123.71285186835902, 39.1180788813124], [-123.71283220519393, 39.1180657031691], [-123.71280722362039, 39.11805043585254], [-123.71278059312782, 39.11803692961601], [-123.71275244298036, 39.11802545065873], [-123.71273497951465, 39.11801913902623], [-123.7127017807262, 39.118008624221105], [-123.7126674410113, 39.1180007554767], [-123.7126320896312, 39.117995798992474], [-123.71259641606493, 39.117993643725], [-123.71257763234915, 39.117993315289475], [-123.71254683717154, 39.11799371281574], [-123.71251626642335, 39.117996264595355], [-123.7124861514402, 39.11800096358378], [-123.71246262959467, 39.118005461790645], [-123.71243353512104, 39.11801202064798], [-123.71240535002073, 39.11802053281063], [-123.71237830109868, 39.1180309013271], [-123.71236208667266, 39.1180378783629], [-123.71233572030819, 39.11805029713482], [-123.71231083712618, 39.118064561695334], [-123.7122876594013, 39.11808048518582], [-123.71227214779714, 39.11809221322706], [-123.71225034210798, 39.11811007593527], [-123.71223081569025, 39.118129490057], [-123.71221588217297, 39.118145792815845], [-123.71219579980433, 39.118170266416456], [-123.7121780489367, 39.11819502920296], [-123.71215939511333, 39.11822486203739], [-123.71215157416553, 39.11823977762073], [-123.71214102435542, 39.11826261026656], [-123.71213317118962, 39.11828608116614], [-123.71212839150158, 39.118303875650426], [-123.71212367739093, 39.11832526996368], [-123.71212117912675, 39.11834695698906], [-123.71211915425151, 39.11838033553469], [-123.71210282998418, 39.11840352409537], [-123.71208909361344, 39.11842519312508], [-123.71207794728339, 39.11844768374644], [-123.71207100848349, 39.118464013194895], [-123.71206147220835, 39.11849086702774], [-123.71205544227473, 39.11851833446248], [-123.71205318702803, 39.1185333507095], [-123.71205094223009, 39.11856466490163], [-123.7120533287652, 39.11859592812305], [-123.71205563902433, 39.11861188590594], [-123.71206303562963, 39.1186437169444], [-123.71206593594624, 39.11865299338248], [-123.71204693218804, 39.11873335246958], [-123.71204260342645, 39.11875779660099], [-123.71203760228846, 39.11880108074825], [-123.71203718705807, 39.11880433503508], [-123.71202796009528, 39.11889709287466], [-123.71202691779807, 39.11892008625513], [-123.71202724013497, 39.11895636484396], [-123.71203129326162, 39.118995411299416], [-123.71203474425093, 39.119013315357115], [-123.71203982583492, 39.119033691045125], [-123.71204698043401, 39.11905382352235], [-123.71205319179624, 39.119069032207335], [-123.71206472805173, 39.11909335346264], [-123.71207934664837, 39.11911677045392], [-123.71208833198368, 39.11912955348723], [-123.71210849134954, 39.11915487281828], [-123.71212446440921, 39.11917068472706], [-123.71212378397712, 39.11917097558238], [-123.71210504263904, 39.11917838970271], [-123.7120533161793, 39.1192002249668], [-123.7120303379177, 39.11921091968044], [-123.7120042432001, 39.11922414051194], [-123.71198147121736, 39.1192366298488], [-123.71196004863778, 39.1192506088719], [-123.71193979635481, 39.11926482239585], [-123.71191838495717, 39.11928132234972], [-123.71189889225452, 39.11929911456656], [-123.71188143391842, 39.11931819552547], [-123.7118690925572, 39.119333068632066], [-123.71185324214437, 39.119354171681444], [-123.71183998633215, 39.11937618623498], [-123.7118293251224, 39.11939911229365], [-123.71181943496025, 39.11942354565242], [-123.71181186061877, 39.11944565736085], [-123.71180662688774, 39.119468238080685], [-123.71180233425059, 39.119493401472475], [-123.71179928867771, 39.11952492013939], [-123.71180099016928, 39.11955638432348], [-123.71180342273871, 39.11957476962595], [-123.71180900056713, 39.119602694055885], [-123.71181825724041, 39.11963005625134], [-123.71183117463863, 39.11965649658049], [-123.71183473514658, 39.11966278142026], [-123.71185255608277, 39.119689972910635], [-123.71187410811427, 39.11971533993235], [-123.71189938218127, 39.11973870266792], [-123.71190446242251, 39.11974296023012], [-123.71193094332835, 39.1197626843881], [-123.71195997595649, 39.119780169751515], [-123.71199119969667, 39.11979515716118], [-123.71202425846867, 39.119807477365654], [-123.71203320813297, 39.11981035646824], [-123.7120635272905, 39.1198188881126], [-123.71209465854896, 39.11982514388012], [-123.712126490765, 39.11982921719989], [-123.71213963873686, 39.11983034764], [-123.71217146881364, 39.11983207982505], [-123.71220341695036, 39.11983155726443], [-123.71224986272645, 39.11982906247309], [-123.71229273864525, 39.11982469536024], [-123.71232619527936, 39.11981962454839], [-123.71235213776097, 39.11981487258184], [-123.71237742484149, 39.11980860978999], [-123.71242483506148, 39.11979537012396], [-123.71243382575234, 39.119794466028324], [-123.71246562647677, 39.11979331756736], [-123.71252277963956, 39.119794098445304], [-123.7125265778016, 39.11981199192751], [-123.71253520871292, 39.119840723821035], [-123.71254902415099, 39.11987578112732], [-123.71256204846284, 39.11990203804374], [-123.71257250793062, 39.119921079360935], [-123.71258478643537, 39.11993943496375], [-123.71260145574158, 39.11996215914166], [-123.71262901141532, 39.11999400660161], [-123.71264365798974, 39.12000877830262], [-123.71266695474819, 39.12002967982633], [-123.7126843502813, 39.1200438275351], [-123.71270853402382, 39.12006164048562], [-123.71272783708598, 39.12007455950392], [-123.71275484014552, 39.12009084585671], [-123.7127750936325, 39.12010193500962], [-123.71280834302473, 39.12011803112718], [-123.71282846509328, 39.120126512947635], [-123.71286187570358, 39.12013891226635], [-123.71288519129098, 39.12014639636369], [-123.7129255899578, 39.12015723216073], [-123.71298391551417, 39.12016977311889], [-123.71302328694318, 39.12017631797361], [-123.71305359295691, 39.12017998731103], [-123.7130890679776, 39.120182778846505], [-123.7131233137545, 39.120184167078285], [-123.71315818557873, 39.12018418554676], [-123.71325808584993, 39.12018033244749], [-123.71327841248466, 39.120179083023736], [-123.71336469981834, 39.12017177248884], [-123.7133893540106, 39.120169040548944], [-123.71349242087278, 39.120154465406216], [-123.71351241189151, 39.12015115511329], [-123.7135663473041, 39.12014095789384], [-123.71358640865698, 39.12013674498852], [-123.71364467394518, 39.120122814013385], [-123.71366011292555, 39.12011883194284], [-123.71372351325016, 39.1201010526343], [-123.71373321846957, 39.12009823571664], [-123.7138225523111, 39.12007093193646], [-123.71384976278553, 39.12006145864439], [-123.71387596173851, 39.120050305290185], [-123.71393027398017, 39.12002460855371], [-123.71393456978748, 39.12002249668238], [-123.71407069276346, 39.11995585808339], [-123.71408074729594, 39.11995077935118], [-123.71418129487049, 39.11989774076883], [-123.71419560890871, 39.119889830885946], [-123.71428281091629, 39.11983863952727], [-123.71430010298666, 39.1198277574372], [-123.71437564012898, 39.11977728157773], [-123.71438325643949, 39.119772097013325], [-123.714452712741, 39.11972279687271], [-123.71446220931075, 39.11971584414614], [-123.71449868277142, 39.11968789923304], [-123.71451592721372, 39.11967377691389], [-123.71454776016547, 39.119645703235854], [-123.71454787130283, 39.119645609803875], [-123.71457866049859, 39.11963818840384], [-123.71470523081382, 39.11960038463969], [-123.714886864934, 39.119574769940776], [-123.71503793209186, 39.11955638963023], [-123.71508706568953, 39.11956069855705], [-123.7154317144774, 39.12015696487129], [-123.71541009622034, 39.12013394796747], [-123.71539551256119, 39.12012043530457], [-123.71536134867415, 39.12009311201532], [-123.71534646107756, 39.12008276021375], [-123.71532287543677, 39.12006763091438], [-123.71529764089132, 39.12005426273104], [-123.71528208873222, 39.12004681264093], [-123.71525130193582, 39.12003361364958], [-123.71521913839534, 39.12002297788859], [-123.71520279692625, 39.12001825321685], [-123.71517171296867, 39.120010646102855], [-123.71513982155074, 39.120005404778404], [-123.7151108990358, 39.12000160375346], [-123.71506542633648, 39.11999812695793], [-123.71503236454025, 39.119997243469335], [-123.71499428572761, 39.11999795358338], [-123.71495928694705, 39.12000001056475], [-123.71492401370412, 39.12000351663229], [-123.71488916002971, 39.120008450637734], [-123.71485391621663, 39.12001483725389], [-123.71482161861798, 39.120022214636656], [-123.71478459428283, 39.120032347364024], [-123.7147553018391, 39.12004188430609], [-123.71471439442296, 39.12005771816902], [-123.71468925024816, 39.12006910970609], [-123.7146663038393, 39.12008043427341], [-123.71464458669726, 39.12009316211455], [-123.71462416008106, 39.120106210813965], [-123.71460411221531, 39.120119878290396], [-123.71458551589164, 39.12013476217818], [-123.71456453800306, 39.12015296027437], [-123.71453486402588, 39.120182498954634], [-123.71451898476954, 39.12020072178831], [-123.71450243635954, 39.120221756427306], [-123.71448837600897, 39.12024388585396], [-123.71447987941967, 39.12025918237476], [-123.71446924842597, 39.1202803969023], [-123.71446097168717, 39.12030235011296], [-123.7144551785815, 39.12032071586681], [-123.7144498186408, 39.120340779293365], [-123.71444644780493, 39.12036123234603], [-123.71443943578198, 39.12042204681183], [-123.71443857599174, 39.12043026717582], [-123.71443495051778, 39.12047783177555], [-123.71443435128852, 39.12049811033972], [-123.71443531192244, 39.12054472480238], [-123.71443684921836, 39.12056601882298], [-123.7144423596991, 39.120610963886996], [-123.71444640321668, 39.12063371232941], [-123.71445643181686, 39.12067635864009], [-123.71445931659456, 39.12068761652177], [-123.71446057219694, 39.120691921938864], [-123.70923029999999, 39.120861119999994], [-123.70643190968711, 39.12085290622126], [-123.70616229485027, 39.120583631318425], [-123.70613598125126, 39.120560299033684], [-123.70613139564921, 39.12055665652023], [-123.70610735162774, 39.12053928828581], [-123.70593089369525, 39.12042381121475], [-123.70590962528824, 39.12041095089356], [-123.705905454583, 39.120408646443124], [-123.70588475744768, 39.12039792984465], [-123.7056661189541, 39.12029372962428], [-123.70564100821619, 39.12028278695758], [-123.70563604138562, 39.120280776833305], [-123.70561009574051, 39.120271660447145], [-123.7055833061384, 39.12026419052598], [-123.70557790828212, 39.12026282381856], [-123.70555051511508, 39.12025717314494], [-123.7055227406796, 39.12025315487208], [-123.70551714766559, 39.120252514457455], [-123.70548853831482, 39.1202503224628], [-123.70479650401026, 39.1202191277155], [-123.70466609958919, 39.12019463603897], [-123.70455521617544, 39.12015231106444], [-123.70456059, 39.11807130999999], [-123.70820726, 39.117036179999985], [-123.7098231, 39.11847419000001]]], [[[-123.70458161000002, 39.12084744], [-123.70455342000001, 39.120847850000004], [-123.70455358368764, 39.120784465231246], [-123.70465174355435, 39.12080287904477], [-123.70468652189693, 39.120807945330334], [-123.70469153205397, 39.12080851345011], [-123.70471793022615, 39.12081050269341], [-123.70534843218384, 39.1208389758762], [-123.70537108834571, 39.120849775738094], [-123.70458161000002, 39.12084744]]]]}}, {"type": "Feature", "properties": {"rank": 62.0, "eligible": true, "eligibility_reasons": "", "distribution_ready": true, "distribution_readiness_reasons": "", "apn": "1271100800", "site_apns": "1271100800", "site_type": "greenfield", "parcel_count": 1, "residential_zoning": false, "SITUS_ADD": "4801 S HWY 1", "SITUS_CTY": "ELK", "FID": 21962, "centroid_lon": -123.72834227001464, "centroid_lat": 39.14393251055367, "score": 0.6219651828328956, "gross_acres": 75.26184367455416, "screenable_acres": 55.043915875709466, "excluded_acres": 20.21792779884469, "wetland_exclusion_acres": 20.21792779884543, "protected_exclusion_acres": 0.0, "farmland_exclusion_acres": 0.0, "city_exclusion_acres": 0.0, "improvement_value": 0.0, "improvement_value_per_acre": 0.0, "flat_fraction": 0.6129032258064516, "open_fraction": 0.7459677419354839, "contiguous_acres": 23.129063705326676, "mean_slope_deg": 8.355844028296518, "estimated_mw": 4.205284310059396, "reference_project_mw": 1.0, "reference_battery_mwh": 4.0, "reference_annual_mwh": 1545.7377699999997, "reference_average_kw": 176.4540833333333, "static_pv_export_limit_mw": 1.18, "reference_export_gap_mw": 0.0, "interconnection_path": "static_distribution", "screened_project_mw": 0.873, "screened_annual_mwh": 1349.4290732099998, "transmission_distance_m": 0.0, "transmission_Name": "PG&E 60kV", "transmission_kV": "60", "transmission_Owner": "PG&E", "transmission_Status": "Operational", "transmission_Type": "OH", "highway_1_side": "east", "highway_1_distance_m": 3.4166640563351462, "highway_1_viewshed_exposure": 0.030077647758283133, "highway_1_visible_length_m": 4400.0, "highway_1_nearest_visible_distance_m": 31.177541449759403, "pge_distance_m": 0.0, "pge_FeederId": "042981101", "pge_FeederName": "ELK 1101", "pge_CSV_LineSection": "3233329", "pge_GenCapacity_kW": 820.0, "pge_GenericPVCapacity_kW": 1180.0, "pge_voltage_kv": 12, "pge_phase_cnt": 3.0, "pge_ICA_Analysis_Date": "Apr 2025", "pge_Feeder_Name": "ELK 1101", "pge_Substation": "ELK", "pge_Nominal_Voltage": "12", "pge_ResCust": 1317, "pge_ComCust": 177, "pge_IndCust": 25, "pge_AgrCust": 16, "pge_OthCust": 17, "pge_Existing_DG": 1024, "pge_Queued_DG": 1163, "pge_Total_DG": 2187, "pge_profile_min_load_kw": 873.0, "pge_profile_peak_load_kw": 2366.0, "pge_profile_min_midday_load_kw": 873.0, "fire_hazard": "Moderate", "solar_kwh_m2_day": 4.9243, "annual_mwh_per_mw": 1545.7377699999997, "LCP_CODE": "R", "GEN_PLAN": "RL160", "BASEZONE": "RL", "score_contiguous_land": 1.0, "score_flat_fraction": 0.6129032258064516, "score_open_land_cover": 0.7459677419354839, "score_undeveloped": 1.0, "score_industrial_reuse": 0.0, "score_distribution_proximity": 1.0, "score_residential_demand": 0.4824175824175824, "score_evening_peak_demand": 0.5171584699453552, "score_grid_hosting_capacity": 0.59, "score_solar_resource": 1.0, "score_transmission_proximity": 1.0, "score_low_highway_visibility": 0.24805880604292163}, "geometry": {"type": "Polygon", "coordinates": [[[-123.72688166920382, 39.14184856712053], [-123.72686607163112, 39.141854535718636], [-123.72683986234021, 39.14186560205166], [-123.7268348850455, 39.14186800533596], [-123.72681048869464, 39.141880547057895], [-123.72678767387288, 39.14189457124296], [-123.72678319125244, 39.14189758973697], [-123.72676161994065, 39.14191328680905], [-123.72674174586298, 39.14193046280996], [-123.7267379847778, 39.14193399953466], [-123.72672058602137, 39.14195200035745], [-123.72670509315971, 39.141971023499366], [-123.72670216476581, 39.141974985011665], [-123.72668837368879, 39.141995576992706], [-123.72667694223189, 39.14201699733476], [-123.72667495768587, 39.14202129019139], [-123.72666619656478, 39.142042809023664], [-123.72665966115977, 39.142064800122185], [-123.72665861136234, 39.1420692445078], [-123.72665443558276, 39.14209206396905], [-123.72663750500425, 39.142226931534076], [-123.72663608470182, 39.14224237298131], [-123.72663600800296, 39.14224543692469], [-123.72663575192014, 39.14226327406528], [-123.726640675567, 39.14240863963664], [-123.72658197852581, 39.14250822441925], [-123.72647166293228, 39.142661793883384], [-123.72638411872974, 39.14266996181931], [-123.72635960245184, 39.14267098108671], [-123.72626091721254, 39.142669674232444], [-123.72599598872344, 39.142662550982884], [-123.72598636227634, 39.142662394866036], [-123.72585653361534, 39.142661679021785], [-123.72584379217268, 39.142661798157285], [-123.72576855518062, 39.142663556488664], [-123.72575629021449, 39.14266393119912], [-123.7256864758352, 39.142667504846656], [-123.72567261826228, 39.142668468486], [-123.72560660203948, 39.14267381703936], [-123.72559138327229, 39.142675362535904], [-123.72552859576271, 39.142682683491344], [-123.72551501054109, 39.142684449215636], [-123.72541321916057, 39.14269962512275], [-123.72539678673976, 39.14270237828118], [-123.7253141325085, 39.14271786996633], [-123.72529086681088, 39.14272299297842], [-123.72517972492135, 39.142750340526376], [-123.72515755060579, 39.14275642069178], [-123.72503738455228, 39.14279322855611], [-123.72501004686448, 39.14280261805578], [-123.72488933051277, 39.142849167655534], [-123.72486916865518, 39.142856086768525], [-123.72484377721119, 39.142862715373916], [-123.724738943747, 39.14288419686703], [-123.72471432130206, 39.14288999153457], [-123.72466881542985, 39.14290218703259], [-123.7246408581841, 39.14291078494696], [-123.72460577962296, 39.142922932090784], [-123.72458724217434, 39.14292989159078], [-123.72454919411581, 39.142945191008515], [-123.72453240591602, 39.142952367216765], [-123.7244129219126, 39.143007253064106], [-123.7243811513035, 39.14302064982093], [-123.72435189643834, 39.14303108823591], [-123.72421614130278, 39.14307359407702], [-123.72418518260608, 39.143084714812126], [-123.72414271272096, 39.143101950073095], [-123.72410998705011, 39.14311708681529], [-123.7240744166611, 39.14313555210958], [-123.72405402372975, 39.143147070536386], [-123.72401197667422, 39.14317266720752], [-123.72397615509358, 39.143197623525204], [-123.7239524368859, 39.14321671737564], [-123.72393191302413, 39.143234813208814], [-123.72391354010797, 39.14325419406218], [-123.7238949337357, 39.1432758332158], [-123.72387032310247, 39.143309361817145], [-123.7238561818279, 39.1433322153253], [-123.72384587207888, 39.14335062957997], [-123.72383744094199, 39.14336952675192], [-123.72383178177331, 39.14338365683779], [-123.72382192719915, 39.14341565428606], [-123.72381812187514, 39.143432068985646], [-123.7238134241571, 39.14346291845192], [-123.72380937965893, 39.143513558309024], [-123.72380899460607, 39.14351969326166], [-123.72380572764635, 39.143585707412576], [-123.72380729027992, 39.14362347943321], [-123.72381013994035, 39.143645453931875], [-123.72381368588827, 39.14366515599492], [-123.72381907408675, 39.14368462171106], [-123.72382524496828, 39.14370352324609], [-123.72383481736799, 39.14372781378225], [-123.72384736637899, 39.143751383097985], [-123.72386230233334, 39.143776320279], [-123.72388549757231, 39.14380874930028], [-123.7239137410809, 39.14384246491821], [-123.72392982206595, 39.143860253415646], [-123.72397085575781, 39.143901682694384], [-123.72399876941478, 39.14392658376175], [-123.72404378885025, 39.14396203825378], [-123.72407681852913, 39.14398498213887], [-123.7240981014607, 39.14399792932104], [-123.7241278973767, 39.14401421841705], [-123.72415355909467, 39.144026671685744], [-123.72418271484288, 39.14403946848466], [-123.724269126609, 39.1440730285352], [-123.7242795637147, 39.14407775243505], [-123.72429783118294, 39.14408836040291], [-123.72437763603895, 39.14414022159966], [-123.72439628704811, 39.144151538217194], [-123.72443446473457, 39.14417315418422], [-123.7244600426852, 39.14418624027999], [-123.72454466759382, 39.14422570777463], [-123.72456965539872, 39.144236290555185], [-123.72465616508931, 39.14426948716792], [-123.72468481925398, 39.1442792375732], [-123.72472753598616, 39.14429207030697], [-123.7247493900368, 39.144297976270366], [-123.72484301367253, 39.144320600068454], [-123.72486606577519, 39.14432727984283], [-123.72489074036943, 39.14433625127994], [-123.7250161310917, 39.1443866296808], [-123.7250499903042, 39.14439847219479], [-123.72511907198239, 39.144419324095765], [-123.72514995858994, 39.14442738535819], [-123.72523000292614, 39.144445020831206], [-123.72525165492398, 39.144449221985155], [-123.72533008333929, 39.14446240440075], [-123.72534000967492, 39.14446390212201], [-123.72552013797578, 39.14448982602583], [-123.72559360914413, 39.14450351990003], [-123.7256180134992, 39.14450943784979], [-123.72563930278302, 39.14451563105293], [-123.72565617233788, 39.14452150903838], [-123.72567262454862, 39.144528300242236], [-123.72570966784959, 39.144545808319805], [-123.72573312697676, 39.144558238515025], [-123.72577393990915, 39.14458382569679], [-123.7258238932262, 39.14462056960032], [-123.725830437305, 39.144626222733635], [-123.72588342631106, 39.14467944253904], [-123.72590927828865, 39.14470251520394], [-123.72592920765413, 39.14471847499494], [-123.7259617708677, 39.14474134260924], [-123.72598162942488, 39.14475361262436], [-123.72600382494804, 39.14476626147211], [-123.7260271047869, 39.144777436433635], [-123.72607735812417, 39.144799493397606], [-123.72612223357838, 39.14481604168602], [-123.7261814279087, 39.14483386335801], [-123.72622683582695, 39.14484490246607], [-123.7262710567587, 39.14485309631751], [-123.7263142246099, 39.144858801010535], [-123.72636450282496, 39.14486302776923], [-123.7263980751616, 39.144864613317324], [-123.72645511401056, 39.14486503157814], [-123.72647734410668, 39.14486462245291], [-123.7265533250471, 39.14486149031127], [-123.72657423226904, 39.14486013107269], [-123.7266028420468, 39.14485754594298], [-123.72662956859854, 39.14485438802323], [-123.72666061934184, 39.14484965720574], [-123.72669001372746, 39.14484425661811], [-123.72682775993172, 39.144813573428145], [-123.72683787419803, 39.14481191363705], [-123.72684283154835, 39.14481140195548], [-123.72688297400644, 39.14480999512973], [-123.72689841356866, 39.1448105138203], [-123.72690564678418, 39.14481146338781], [-123.7269799993851, 39.14482882144347], [-123.72699756986825, 39.144832516697285], [-123.72703501139839, 39.144839566748985], [-123.72704787154387, 39.144841785098784], [-123.72725219276076, 39.1448739908141], [-123.72726398421504, 39.14487570152059], [-123.72737713836894, 39.144890342650605], [-123.72739962527507, 39.14489271697063], [-123.72750538430978, 39.144900920515326], [-123.7275295522631, 39.1449021628648], [-123.72757665823801, 39.14490324438794], [-123.72759624520133, 39.14490327603576], [-123.72764012229861, 39.144902385141286], [-123.72766324622178, 39.14490131814929], [-123.72770643096669, 39.14489819721382], [-123.72773386995736, 39.14489537746321], [-123.72777381215755, 39.144890014390334], [-123.7278047152677, 39.14488465746223], [-123.72784141036514, 39.14487696234751], [-123.72787505145865, 39.14486846010369], [-123.72790873086875, 39.14485842587697], [-123.72794471728258, 39.14484588984539], [-123.7279752652893, 39.144833520047364], [-123.72801172288217, 39.144816557279846], [-123.72803925519172, 39.14480184837754], [-123.72807432803326, 39.1447804255617], [-123.7280987289323, 39.14476338109652], [-123.72813026404148, 39.14473846452323], [-123.72815176495007, 39.14471907742515], [-123.72817052521943, 39.14470049448259], [-123.72819381753338, 39.14467528959273], [-123.72821391091738, 39.144650992916134], [-123.72822800177308, 39.144631742286265], [-123.72824983116554, 39.144595956539156], [-123.72825645623374, 39.14458260711465], [-123.72826964641969, 39.14455014707717], [-123.72827435638358, 39.14453559553787], [-123.72828009976591, 39.14451398872483], [-123.72828351073504, 39.144492093027615], [-123.72828691752301, 39.1444586714183], [-123.72828806892052, 39.144437925365544], [-123.72828713298738, 39.14441715307821], [-123.72828348071101, 39.14437935486807], [-123.7282801622962, 39.14435730470902], [-123.72826734884605, 39.144294213168514], [-123.72826673122123, 39.1442911704459], [-123.72825523309027, 39.14423803393237], [-123.72825008420321, 39.144218741149054], [-123.72823807355736, 39.14418065818254], [-123.72822638425207, 39.14415120992088], [-123.72821094862881, 39.144118724535645], [-123.72820095817815, 39.14409993995088], [-123.72818902798838, 39.14408175494768], [-123.72816980661027, 39.14405460802774], [-123.72814842774183, 39.14402833748522], [-123.72812745784857, 39.1440055662767], [-123.72811170738778, 39.1439897492329], [-123.72809449823751, 39.14397487725112], [-123.72807710775103, 39.14396100132938], [-123.72804632993723, 39.14393907021714], [-123.7280124625099, 39.14392020510137], [-123.7279988008938, 39.143913599047664], [-123.72796562848578, 39.14389930507853], [-123.72793063015197, 39.143887858378584], [-123.72791347261064, 39.1438831601243], [-123.72788180327792, 39.143875663770295], [-123.72784944234046, 39.14387052977505], [-123.72782530849375, 39.143867665608376], [-123.72780612400415, 39.14385726628108], [-123.72778793937535, 39.14381396917958], [-123.72777757654696, 39.143792404488146], [-123.7277609730927, 39.14376202584088], [-123.72773911459775, 39.14372856612639], [-123.7277109551414, 39.14369196726568], [-123.72769775498085, 39.143676162267695], [-123.72763647053095, 39.143607888802286], [-123.72763012332332, 39.143599258193746], [-123.72762575226666, 39.14359074727581], [-123.7275964820744, 39.143516182456985], [-123.72758235415064, 39.143486628597024], [-123.72756209944721, 39.143450508471595], [-123.72754389253025, 39.14342279018156], [-123.72751480954084, 39.14338396833698], [-123.72750146646003, 39.14336762740839], [-123.72747207806405, 39.143334217717715], [-123.72745397013034, 39.14331532100925], [-123.72742378618159, 39.14328679816901], [-123.72739932080076, 39.143265934636005], [-123.72736844790033, 39.14324211529101], [-123.72733939519091, 39.14322220237942], [-123.72729765680526, 39.14319664402691], [-123.72726797622703, 39.14318035217394], [-123.72722364749836, 39.143158564898954], [-123.72718999909566, 39.1431440151449], [-123.72716589860912, 39.14313493658731], [-123.72713781330891, 39.1431203968907], [-123.7271374343277, 39.14311977814365], [-123.72712781940506, 39.14310611469846], [-123.7271270113812, 39.14310388821613], [-123.72711865477373, 39.143069295387605], [-123.72711834599019, 39.14306777402413], [-123.72710539018856, 39.14301558248018], [-123.727101851249, 39.14300290395091], [-123.72725730756716, 39.142786452060065], [-123.72726989412108, 39.142767247528795], [-123.72737233923489, 39.14259329706535], [-123.72738218061703, 39.14257480675648], [-123.72738396103085, 39.14257106040827], [-123.72739203494301, 39.14255199379103], [-123.72739834593861, 39.142532440773934], [-123.72739930274795, 39.14252844945758], [-123.72740363761949, 39.1425087767459], [-123.72740610752459, 39.14248889089533], [-123.72740637009171, 39.1424849207983], [-123.72740684304203, 39.142462214477824], [-123.72740188076298, 39.14231153729122], [-123.72749646460257, 39.14227532889129], [-123.72765804958357, 39.14223950368066], [-123.7276813942568, 39.14223365741771], [-123.72768596334312, 39.14223234714131], [-123.72773117507732, 39.14221664764818], [-123.72773548999005, 39.14221489490394], [-123.72776688888926, 39.142199510146376], [-123.72785102, 39.14234042], [-123.72835821, 39.14217018999999], [-123.72812097, 39.14198627], [-123.72830958999998, 39.14183999], [-123.72923863, 39.14204798000002], [-123.73070335000001, 39.14245741999998], [-123.73054952999999, 39.142728839999954], [-123.73077545, 39.14280992999999], [-123.73095724000001, 39.1425285], [-123.73194616000002, 39.142804920000025], [-123.73206398000002, 39.142863590000005], [-123.73223702, 39.14294547], [-123.73240963000002, 39.14308159000004], [-123.73268038, 39.14333708999999], [-123.73289372, 39.14355224000002], [-123.73311828, 39.14372123999999], [-123.73316666, 39.143896970000036], [-123.73316997000002, 39.14431982999999], [-123.73304547, 39.145279990000006], [-123.7322252, 39.145310499999994], [-123.72292450000002, 39.14553160000001], [-123.72284341064346, 39.14304118045951], [-123.7229255836168, 39.1430589706662], [-123.72295657354258, 39.14306450798642], [-123.72326880200947, 39.14310864382972], [-123.72330479220818, 39.14311222746237], [-123.72331153509992, 39.14311265192417], [-123.7233516610139, 39.143113227772986], [-123.72352857406146, 39.14310773620998], [-123.72355353062248, 39.1431062538389], [-123.72355849242756, 39.14310583219921], [-123.72360015594137, 39.14310014777832], [-123.72360359990125, 39.143099502340846], [-123.72362034777417, 39.14309610946756], [-123.72384009767568, 39.14304626703105], [-123.72388647032481, 39.14303287476998], [-123.7238933036678, 39.14303050498135], [-123.72392895387152, 39.14301590932304], [-123.72399959587382, 39.14298286605978], [-123.72402984617135, 39.1429669044675], [-123.72403547240562, 39.14296358101525], [-123.72407166371222, 39.1429390636229], [-123.72417145684614, 39.14286145727279], [-123.72418236418358, 39.14285256971976], [-123.7241845873863, 39.14285070088753], [-123.72421011985011, 39.14282623881317], [-123.72421275585913, 39.14282336685716], [-123.72422545033346, 39.142808571670145], [-123.72429630362787, 39.14272014288466], [-123.72431597080195, 39.14269198788829], [-123.72431896958383, 39.14268712381761], [-123.72433248859471, 39.142661137613125], [-123.72443835237185, 39.142424052543404], [-123.72474904377971, 39.14191833336326], [-123.72688166920382, 39.14184856712053]]]}}, {"type": "Feature", "properties": {"rank": 67.0, "eligible": true, "eligibility_reasons": "", "distribution_ready": true, "distribution_readiness_reasons": "", "apn": "1271400100", "site_apns": "1271400100", "site_type": "greenfield", "parcel_count": 1, "residential_zoning": false, "SITUS_ADD": "NONE", "SITUS_CTY": " ", "FID": 29291, "centroid_lon": -123.71653953617894, "centroid_lat": 39.139643748812084, "score": 0.6168174990239372, "gross_acres": 145.1152447508225, "screenable_acres": 131.48992238639389, "excluded_acres": 13.625322364428627, "wetland_exclusion_acres": 13.625322364429518, "protected_exclusion_acres": 0.0, "farmland_exclusion_acres": 0.0, "city_exclusion_acres": 0.0, "improvement_value": 0.0, "improvement_value_per_acre": 0.0, "flat_fraction": 0.5942275042444821, "open_fraction": 0.41765704584040747, "contiguous_acres": 45.813337724012456, "mean_slope_deg": 11.15604625746918, "estimated_mw": 8.329697768002264, "reference_project_mw": 1.0, "reference_battery_mwh": 4.0, "reference_annual_mwh": 1545.7377699999997, "reference_average_kw": 176.4540833333333, "static_pv_export_limit_mw": 1.18, "reference_export_gap_mw": 0.0, "interconnection_path": "static_distribution", "screened_project_mw": 0.873, "screened_annual_mwh": 1349.4290732099998, "transmission_distance_m": 0.0, "transmission_Name": "PG&E 60kV", "transmission_kV": "60", "transmission_Owner": "PG&E", "transmission_Status": "Operational", "transmission_Type": "OH", "highway_1_side": "east", "highway_1_distance_m": 1.2739450331739222, "highway_1_viewshed_exposure": 0.020130611744816534, "highway_1_visible_length_m": 1200.0, "highway_1_nearest_visible_distance_m": 33.717148051238105, "pge_distance_m": 503.8905996175291, "pge_FeederId": "042981101", "pge_FeederName": "ELK 1101", "pge_CSV_LineSection": "3233329", "pge_GenCapacity_kW": 820.0, "pge_GenericPVCapacity_kW": 1180.0, "pge_voltage_kv": 12, "pge_phase_cnt": 3.0, "pge_ICA_Analysis_Date": "Apr 2025", "pge_Feeder_Name": "ELK 1101", "pge_Substation": "ELK", "pge_Nominal_Voltage": "12", "pge_ResCust": 1317, "pge_ComCust": 177, "pge_IndCust": 25, "pge_AgrCust": 16, "pge_OthCust": 17, "pge_Existing_DG": 1024, "pge_Queued_DG": 1163, "pge_Total_DG": 2187, "pge_profile_min_load_kw": 873.0, "pge_profile_peak_load_kw": 2366.0, "pge_profile_min_midday_load_kw": 873.0, "fire_hazard": "Moderate", "solar_kwh_m2_day": 4.9243, "annual_mwh_per_mw": 1545.7377699999997, "LCP_CODE": "R", "GEN_PLAN": "RL160", "BASEZONE": "RL", "score_contiguous_land": 1.0, "score_flat_fraction": 0.5942275042444821, "score_open_land_cover": 0.41765704584040747, "score_undeveloped": 1.0, "score_industrial_reuse": 0.0, "score_distribution_proximity": 0.6041754762686598, "score_residential_demand": 0.4824175824175824, "score_evening_peak_demand": 0.5171584699453552, "score_grid_hosting_capacity": 0.59, "score_solar_resource": 1.0, "score_transmission_proximity": 1.0, "score_low_highway_visibility": 0.4967347063795866}, "geometry": {"type": "MultiPolygon", "coordinates": [[[[-123.71692246000002, 39.138137290000024], [-123.71716492115853, 39.1377766292946], [-123.71718197734997, 39.13785019342804], [-123.71718646164706, 39.13786659671686], [-123.7171874616334, 39.137869766719625], [-123.71719308495753, 39.13788551484953], [-123.71727465679494, 39.13808974487785], [-123.71727468740572, 39.13817370040949], [-123.71726460632989, 39.13820129137243], [-123.71720829414481, 39.13832408069147], [-123.71705333839256, 39.13854552113584], [-123.71704521225575, 39.138557880735156], [-123.7170436222473, 39.13856046073092], [-123.71703596807458, 39.13857379483097], [-123.71690703122114, 39.13881579976322], [-123.71684055568073, 39.13887165917269], [-123.71683825335988, 39.138872345634844], [-123.71683442337006, 39.13887369563021], [-123.7167956110566, 39.13888975060584], [-123.71679202106351, 39.13889147060026], [-123.71677529390433, 39.13890001109369], [-123.71654262426152, 39.13902641070292], [-123.71652346292299, 39.13903760447033], [-123.71651965292678, 39.1390399944633], [-123.7164835103991, 39.13906617601279], [-123.7164801703978, 39.13906896600559], [-123.71644894907888, 39.13909911940321], [-123.71644615907258, 39.13910224939652], [-123.71642165408831, 39.139134251694294], [-123.71641944407764, 39.13913765168852], [-123.71640907253348, 39.13915512973975], [-123.71631698192013, 39.139326099490724], [-123.7163056596625, 39.13935030094149], [-123.71630422964793, 39.13935388093744], [-123.7162977563275, 39.139372384048], [-123.7162502993293, 39.13952994133021], [-123.71620402509461, 39.139608049581305], [-123.71618691180689, 39.13962361202063], [-123.71589738933325, 39.13977718971755], [-123.71588025801852, 39.13978688527915], [-123.71587700802225, 39.13978884527337], [-123.71585893082022, 39.139800529984946], [-123.71566826092796, 39.139932509613146], [-123.71564900109931, 39.139946911127296], [-123.71564531109854, 39.13994989111948], [-123.71562762511456, 39.13996531410897], [-123.71505292914749, 39.14050684192309], [-123.71493175305037, 39.14057432303296], [-123.71385340201341, 39.14092154595063], [-123.71334573432819, 39.140946015415906], [-123.71332553153512, 39.14094745033284], [-123.71332138155002, 39.1409478403314], [-123.7132779869547, 39.140954113248206], [-123.71327360696922, 39.14095497324504], [-123.71325169982329, 39.14095987416655], [-123.71303310050543, 39.14101487396912], [-123.71300783001796, 39.141022083965986], [-123.71300283003201, 39.14102368396044], [-123.71297788102859, 39.1410325790258], [-123.71295391375568, 39.141042977027425], [-123.71294930376472, 39.14104516702039], [-123.71292718834762, 39.1410565978463], [-123.71278886670036, 39.14113417857884], [-123.71219617624833, 39.14131891009699], [-123.71216975819858, 39.14132815567868], [-123.71168780937997, 39.14151598504527], [-123.71164710774222, 39.141534641569194], [-123.71164115775176, 39.141537811559346], [-123.71161466310544, 39.14155342669399], [-123.7115902112962, 39.141570938765646], [-123.71158596129591, 39.14157428875676], [-123.7115654461509, 39.14159195326619], [-123.71154701262182, 39.14161095295752], [-123.71154358261384, 39.14161483294924], [-123.71152747291922, 39.14163488396584], [-123.71151368247423, 39.14165595322991], [-123.71151117245964, 39.14166024322326], [-123.71149991917439, 39.141681922469296], [-123.71149112195117, 39.14170427696924], [-123.71148960193176, 39.14170883696491], [-123.71148329803901, 39.141731831752345], [-123.71147959309951, 39.141755165555686], [-123.71147911307759, 39.14175986555431], [-123.71147803399171, 39.14178323954022], [-123.71147956294331, 39.141806598367715], [-123.71148013292145, 39.14181128836938], [-123.71148430152725, 39.14183463945983], [-123.7114910762869, 39.1418576188704], [-123.71149268626783, 39.14186215887493], [-123.7115019685399, 39.14188449319162], [-123.71151371250309, 39.1419061165491], [-123.71151631248902, 39.141910376555984], [-123.71153060730799, 39.141931361301175], [-123.71153180360832, 39.1419327963057], [-123.71125039000002, 39.14193213], [-123.70897957, 39.14194343999996], [-123.70905915, 39.13808383999996], [-123.71692246000002, 39.138137290000024]]], [[[-123.72067226000001, 39.136884699999975], [-123.72075031999998, 39.13690482999999], [-123.72079791000002, 39.13690411999998], [-123.72089838000001, 39.136902639999974], [-123.72103718, 39.136882739999976], [-123.72130111000001, 39.136860310000046], [-123.72150367, 39.136851830000005], [-123.7216592, 39.136867389999985], [-123.72177656, 39.13690823000002], [-123.72197323, 39.13701998000002], [-123.7222332, 39.13719738999996], [-123.72290524, 39.137748750000036], [-123.72281636, 39.14195897999996], [-123.71231825873903, 39.141934654961474], [-123.71249673483055, 39.14186508884879], [-123.71311670508757, 39.14167190890225], [-123.71314949662288, 39.14166011793111], [-123.71315554663701, 39.141657637922854], [-123.71319667987294, 39.14163781420476], [-123.71332559179959, 39.14156556122841], [-123.71344116871656, 39.14153648469916], [-123.71396436952053, 39.14151126443472], [-123.71399279748724, 39.141508978751695], [-123.71399846750737, 39.14150833874933], [-123.71402687839944, 39.14150418737511], [-123.71405474669675, 39.14149821478785], [-123.7140601967138, 39.14149685478297], [-123.71408696016606, 39.14148922142924], [-123.7152648334685, 39.141109960107514], [-123.71529569365018, 39.14109861211727], [-123.71530132366316, 39.14109627210953], [-123.71533983757953, 39.141077655042444], [-123.71553969786905, 39.140966354701206], [-123.71557889479739, 39.14094094019163], [-123.71558429479832, 39.140936880180625], [-123.71561074471724, 39.14091462876849], [-123.71619845240107, 39.1403608483225], [-123.71634852881793, 39.14025695829869], [-123.71665971281274, 39.140091889281734], [-123.71667481593097, 39.14008340747252], [-123.71667779593457, 39.14008163746714], [-123.71671272345847, 39.14005785588541], [-123.71671656345842, 39.14005486587744], [-123.7167347805701, 39.14003953975457], [-123.71681958049548, 39.139962419565556], [-123.71684553142344, 39.139935609736135], [-123.71684983141213, 39.13993053972565], [-123.71686345324171, 39.1399130746526], [-123.71687533683644, 39.13989485930923], [-123.71696118634713, 39.13974991908063], [-123.71697594278791, 39.13972061995838], [-123.71697762277186, 39.13971660995367], [-123.7169855424434, 39.13969457401166], [-123.71703454515568, 39.1395319047786], [-123.717071185551, 39.1394638886158], [-123.71715644625309, 39.139417568351696], [-123.71716773402801, 39.13941503064795], [-123.71717250404284, 39.13941381064357], [-123.71721892876393, 39.13939896943924], [-123.71722341877498, 39.13939722943334], [-123.7172663339435, 39.139377490205334], [-123.71727045394994, 39.13937527019848], [-123.71730992340073, 39.13935049918294], [-123.71731359340194, 39.13934782917557], [-123.71733120888621, 39.13933405677215], [-123.7175144088091, 39.139180126377916], [-123.71752782261, 39.139168169184515], [-123.71753042260711, 39.139165709178606], [-123.71755477388133, 39.139139640676035], [-123.71755698387497, 39.13913695067051], [-123.71757678532119, 39.13910942523457], [-123.71757857531189, 39.1391065552299], [-123.71758693649667, 39.13909207999976], [-123.71773427864093, 39.13881551058044], [-123.71789383493288, 39.13858748359243], [-123.71790576350833, 39.13856874062223], [-123.7179079734951, 39.13856490061637], [-123.7179181029643, 39.138545270460234], [-123.71798899236451, 39.138390610264494], [-123.71799588140516, 39.13837387619319], [-123.71802429108155, 39.13829624611307], [-123.71802897925113, 39.13828196448444], [-123.71802982923842, 39.13827904448205], [-123.71803719659559, 39.13824183651853], [-123.71803767657465, 39.138237346517144], [-123.71803886889259, 39.13821491335743], [-123.71803879808897, 39.138044473357645], [-123.71803727041615, 39.138019272509105], [-123.71803669039386, 39.13801448251076], [-123.71802817814046, 39.137975341806666], [-123.71802718812698, 39.13797221180954], [-123.71802161544171, 39.13795662444142], [-123.71792983981372, 39.137726851228905], [-123.7178763955222, 39.13749632890739], [-123.71787639500455, 39.13738653785821], [-123.717919990778, 39.13709938247628], [-123.71797889656135, 39.136920062401245], [-123.71808121324622, 39.13677828111611], [-123.71809444818298, 39.13675797994458], [-123.71809688816879, 39.13675380993809], [-123.7181079885273, 39.13673246776172], [-123.71816874222269, 39.13659961585855], [-123.71840887755222, 39.13625134609088], [-123.71842034158773, 39.13623310309722], [-123.7184224715748, 39.136229363091495], [-123.71843197952626, 39.13621084963757], [-123.71843970345142, 39.13619184141648], [-123.71844103343565, 39.1361880914128], [-123.71844681011812, 39.136169166131545], [-123.7185197601414, 39.13588492418892], [-123.71853259851821, 39.1358669105931], [-123.71869804095448, 39.13574559434318], [-123.718724835712, 39.13573328917649], [-123.72067226000001, 39.136884699999975]]]]}}, {"type": "Feature", "properties": {"rank": 101.0, "eligible": true, "eligibility_reasons": "", "distribution_ready": true, "distribution_readiness_reasons": "", "apn": "1271000100", "site_apns": "1271000100", "site_type": "greenfield", "parcel_count": 1, "residential_zoning": false, "SITUS_ADD": "NONE", "SITUS_CTY": " ", "FID": 30663, "centroid_lon": -123.73461968509979, "centroid_lat": 39.1434665066124, "score": 0.5851791040825888, "gross_acres": 41.38267249377938, "screenable_acres": 25.429618782989653, "excluded_acres": 15.953053710789728, "wetland_exclusion_acres": 15.953053710789142, "protected_exclusion_acres": 0.0, "farmland_exclusion_acres": 0.0, "city_exclusion_acres": 0.0, "improvement_value": 0.0, "improvement_value_per_acre": 0.0, "flat_fraction": 0.7567567567567568, "open_fraction": 0.972972972972973, "contiguous_acres": 18.013982308956354, "mean_slope_deg": 8.535765750088649, "estimated_mw": 3.2752695107193373, "reference_project_mw": 1.0, "reference_battery_mwh": 4.0, "reference_annual_mwh": 1545.7377699999997, "reference_average_kw": 176.4540833333333, "static_pv_export_limit_mw": 1.18, "reference_export_gap_mw": 0.0, "interconnection_path": "static_distribution", "screened_project_mw": 0.873, "screened_annual_mwh": 1349.4290732099998, "transmission_distance_m": 613.0655856736042, "transmission_Name": "PG&E 60kV", "transmission_kV": "60", "transmission_Owner": "PG&E", "transmission_Status": "Operational", "transmission_Type": "OH", "highway_1_side": "west", "highway_1_distance_m": 2.383609748702463, "highway_1_viewshed_exposure": 0.034155837560109925, "highway_1_visible_length_m": 4500.0, "highway_1_nearest_visible_distance_m": 77.38964096723467, "pge_distance_m": 304.1924437291993, "pge_FeederId": "042981101", "pge_FeederName": "ELK 1101", "pge_CSV_LineSection": "3233329", "pge_GenCapacity_kW": 820.0, "pge_GenericPVCapacity_kW": 1180.0, "pge_voltage_kv": 12, "pge_phase_cnt": 3.0, "pge_ICA_Analysis_Date": "Apr 2025", "pge_Feeder_Name": "ELK 1101", "pge_Substation": "ELK", "pge_Nominal_Voltage": "12", "pge_ResCust": 1317, "pge_ComCust": 177, "pge_IndCust": 25, "pge_AgrCust": 16, "pge_OthCust": 17, "pge_Existing_DG": 1024, "pge_Queued_DG": 1163, "pge_Total_DG": 2187, "pge_profile_min_load_kw": 873.0, "pge_profile_peak_load_kw": 2366.0, "pge_profile_min_midday_load_kw": 873.0, "fire_hazard": "Moderate", "solar_kwh_m2_day": 4.9243, "annual_mwh_per_mw": 1545.7377699999997, "LCP_CODE": "R", "GEN_PLAN": "RL160", "BASEZONE": "RL", "score_contiguous_land": 0.9006991154478177, "score_flat_fraction": 0.7567567567567568, "score_open_land_cover": 0.972972972972973, "score_undeveloped": 1.0, "score_industrial_reuse": 0.0, "score_distribution_proximity": 0.7377188834161317, "score_residential_demand": 0.4824175824175824, "score_evening_peak_demand": 0.5171584699453552, "score_grid_hosting_capacity": 0.59, "score_solar_resource": 1.0, "score_transmission_proximity": 0.5416877309831661, "score_low_highway_visibility": 0.14610406099725193}, "geometry": {"type": "MultiPolygon", "coordinates": [[[[-123.73403320999999, 39.14414360999999], [-123.73377778000001, 39.14415357999999], [-123.73377744000001, 39.143852189999954], [-123.73330905999998, 39.143879060000025], [-123.73329651, 39.143798909999965], [-123.73313607000001, 39.14358366000003], [-123.73284033, 39.14324408999999], [-123.73257929, 39.14302483000001], [-123.73220086, 39.14276475], [-123.73220781406245, 39.14211031387777], [-123.73227173574413, 39.142084972543906], [-123.73227275431177, 39.14208449113446], [-123.73227309687249, 39.142084390603124], [-123.73228499535139, 39.14207907385132], [-123.73230199122229, 39.142071439957654], [-123.7323023292256, 39.14207124951851], [-123.73230288952622, 39.142070872181414], [-123.73232971660237, 39.142056003758924], [-123.73233027690274, 39.14205562642169], [-123.73233128635485, 39.14205496519619], [-123.73235503214713, 39.142038750315905], [-123.73235637048703, 39.142037718835375], [-123.73244702406974, 39.141969750076925], [-123.73246916081088, 39.14195151333386], [-123.73248902165348, 39.141931815441225], [-123.73250637974431, 39.1419107533908], [-123.73252124419969, 39.14188850699913], [-123.73253339272507, 39.14186526316548], [-123.7325426075841, 39.14184129869694], [-123.73254901360015, 39.14181678986821], [-123.73265532740862, 39.14128279737547], [-123.73272848437954, 39.141038871358006], [-123.73279676277218, 39.141103326302996], [-123.73281832899292, 39.14112184622781], [-123.73284213182977, 39.14113876688337], [-123.7328678150532, 39.14115391907821], [-123.73289525839998, 39.141167216445126], [-123.73292410108131, 39.141178399885135], [-123.73300666225929, 39.14120684885688], [-123.7330390188852, 39.14121648394836], [-123.73307240493591, 39.14122356619592], [-123.73310647329438, 39.14122810622469], [-123.73314109913602, 39.14122992776058], [-123.73317570393392, 39.14122904851331], [-123.73320994512888, 39.14122556901682], [-123.73324370245422, 39.14121940290572], [-123.73327640194195, 39.14121065779894], [-123.73330781673839, 39.141199430689205], [-123.73333771999039, 39.14118581856977], [-123.73336565799492, 39.14117001542587], [-123.7333915196049, 39.14115211470897], [-123.73341484656038, 39.141132220497134], [-123.73343565709617, 39.141110692422636], [-123.73345349295417, 39.141087634563675], [-123.73347206297093, 39.14106077224073], [-123.73349790823873, 39.14106997622544], [-123.73353005169508, 39.14107997790158], [-123.73356345596633, 39.14108741964516], [-123.73359753796862, 39.14109222925963], [-123.7336320662897, 39.14109441382933], [-123.73366668469488, 39.14109380416587], [-123.73370117088942, 39.14109058716978], [-123.73373494634784, 39.141084780553896], [-123.73376789080336, 39.14107629795372], [-123.73379955055353, 39.14106533335589], [-123.73382969874619, 39.14105198375436], [-123.73384220910734, 39.14104502725877], [-123.7338468075806, 39.14105344095228], [-123.73396156493939, 39.14192473666647], [-123.73396642843132, 39.14194980099811], [-123.73397427747933, 39.14197432367875], [-123.73407124699514, 39.142227449107025], [-123.73408170263573, 39.142250811404544], [-123.73409489875597, 39.14227336941003], [-123.73411070597302, 39.142294856942264], [-123.73412899946312, 39.142315097727725], [-123.73414954325513, 39.14233400894353], [-123.73417232823049, 39.14235141077308], [-123.73422434413902, 39.142387637892114], [-123.73422470949694, 39.14238798689391], [-123.73425063339197, 39.142410155149996], [-123.73426594823185, 39.14242193263025], [-123.7342958398018, 39.14244235853071], [-123.73432848269643, 39.14245990870681], [-123.73434688686673, 39.142468620015094], [-123.73437944485691, 39.14248221069524], [-123.73439187903931, 39.142496597698454], [-123.73441800365983, 39.14252272185923], [-123.7344424006745, 39.14254448659894], [-123.73446970575671, 39.14256418123953], [-123.7344921135447, 39.14257871305074], [-123.734514813741, 39.14259215533544], [-123.73453894973159, 39.142604202937164], [-123.73456428098213, 39.14261468312623], [-123.73458353335054, 39.14262183762145], [-123.73461052725204, 39.14263082612716], [-123.73463835561006, 39.142637988125365], [-123.73465851710597, 39.14264250339454], [-123.73468671253457, 39.14264776314619], [-123.7347152795883, 39.14265121056325], [-123.73474421370472, 39.142652755737814], [-123.73477576803491, 39.14265341023454], [-123.73481824154268, 39.142652289559145], [-123.73486039412079, 39.14264712656614], [-123.73489647065497, 39.14264097902939], [-123.7349253688046, 39.14263496128342], [-123.73495336122996, 39.14262708027509], [-123.73497514653224, 39.14262019979173], [-123.73500529801849, 39.142609191035156], [-123.73501594641473, 39.14260436253578], [-123.73504219139397, 39.142612293316276], [-123.735073606695, 39.14261934535717], [-123.7351057088081, 39.14262394507546], [-123.735128315539, 39.142626404332766], [-123.73516366369324, 39.142628743478525], [-123.73519922214318, 39.14262837475157], [-123.7352181752403, 39.14262734400336], [-123.73525151413978, 39.14262434182219], [-123.73528437820858, 39.14261883284885], [-123.7353164203234, 39.14261082771601], [-123.73534040401378, 39.14260387983026], [-123.73537196672413, 39.14259327799251], [-123.73539238342066, 39.142584548358805], [-123.73541780527546, 39.14258539052852], [-123.7354463192818, 39.142585507646174], [-123.73547485320914, 39.14258373315186], [-123.7355029533513, 39.1425802610378], [-123.735513529942, 39.14257858635206], [-123.73555023220804, 39.14257106874159], [-123.73558573802103, 39.14256052615815], [-123.73561947340563, 39.14254706623247], [-123.73562751523859, 39.142543398091924], [-123.73565339624714, 39.14253044889602], [-123.735677677271, 39.14251565771114], [-123.73570025628727, 39.14249929780553], [-123.73571246855072, 39.142488748352086], [-123.73571614378882, 39.142488095484005], [-123.73575043439968, 39.14248101187746], [-123.73578354223646, 39.14247117302448], [-123.73581512929997, 39.14245876937498], [-123.73584496873649, 39.14244389792691], [-123.73587272711009, 39.14242683903843], [-123.73589817300709, 39.14240759980017], [-123.73590547661841, 39.14240080259681], [-123.73590984689827, 39.142411564449965], [-123.73592289430604, 39.14243574768614], [-123.73593889990964, 39.14245884977606], [-123.73595772975746, 39.142480514632524], [-123.73597915243795, 39.142500749343554], [-123.73600303855983, 39.14251928772963], [-123.73602914302464, 39.142535867155715], [-123.73605723441862, 39.14255049470979], [-123.7360869519351, 39.14256291130208], [-123.73610891587124, 39.14257097301032], [-123.7361363781737, 39.14259147290221], [-123.73617832106072, 39.142732913070006], [-123.73619712714941, 39.142824905661385], [-123.7361076107414, 39.14298604154938], [-123.73609566098236, 39.14301090054244], [-123.73608687637078, 39.14303647299425], [-123.73608538545155, 39.14304363241663], [-123.73607405153072, 39.14305550571127], [-123.73605740212037, 39.1430768167334], [-123.73604335756889, 39.14309921856852], [-123.73603202446162, 39.143122527857614], [-123.73602350938434, 39.14314656124126], [-123.73601791436131, 39.143171045452384], [-123.73601523483343, 39.143195890583755], [-123.73601302600754, 39.14324143220452], [-123.73601363025024, 39.1432693283976], [-123.73601781687105, 39.14329702479679], [-123.73602568789599, 39.143324248133816], [-123.73603711393524, 39.14335073222974], [-123.73605207674441, 39.143376117452796], [-123.73606913599195, 39.143401708591284], [-123.73607583088398, 39.143417171743856], [-123.73607900476914, 39.14342490863723], [-123.73609381380597, 39.14352719908517], [-123.736098766465, 39.14355172035699], [-123.73610670929136, 39.143575789832994], [-123.73611739718523, 39.14359914487911], [-123.73613082558678, 39.14362169558694], [-123.73614686054142, 39.14364308586967], [-123.73622648798856, 39.14373924833199], [-123.7362461099584, 39.143760528709876], [-123.73626820452986, 39.143780292572465], [-123.73629275345431, 39.143798180287696], [-123.73631929389762, 39.14381420603411], [-123.73648614492461, 39.14390499458387], [-123.73651964621992, 39.143921167207445], [-123.73655530657479, 39.143934212055946], [-123.73676728272476, 39.14400074556906], [-123.73679361672129, 39.144008132985725], [-123.73682067398867, 39.14401378733252], [-123.7369830955806, 39.144042398098], [-123.7370267129318, 39.144047815093536], [-123.73723936501321, 39.14406372039995], [-123.7372783664095, 39.14406495648156], [-123.73731730553698, 39.14406268260616], [-123.73747930145355, 39.14404637205486], [-123.7375119847743, 39.144041858554765], [-123.73754385061446, 39.14403493881652], [-123.73757478782618, 39.14402570629455], [-123.7375818339829, 39.144022969015374], [-123.73755694448471, 39.14406002097023], [-123.73754327014765, 39.14408286188657], [-123.73753242301851, 39.14410660667777], [-123.7375245051171, 39.14413098207542], [-123.73751950731847, 39.144155808264955], [-123.73751754077075, 39.14418099179278], [-123.7375159019352, 39.144271990018], [-123.7375171827555, 39.14429950530763], [-123.73752204143666, 39.144326730851475], [-123.73753046885484, 39.14435348683356], [-123.73754245132223, 39.14437950353037], [-123.73759994543254, 39.144487059185785], [-123.73760045390998, 39.14448794407746], [-123.73764496533543, 39.144570324108], [-123.73751313174245, 39.144591833701234], [-123.73746604379433, 39.144597959266385], [-123.73743364184463, 39.14460345464742], [-123.73740193709496, 39.14461126988916], [-123.73737151265496, 39.14462147716985], [-123.73734235483127, 39.144633806767324], [-123.73731481531499, 39.14464833795237], [-123.73726529032206, 39.144677230100335], [-123.73719941298519, 39.14468762330639], [-123.73716567721878, 39.14469424005891], [-123.73713300402676, 39.144703525666436], [-123.73710161569907, 39.14471529322294], [-123.73707197507288, 39.144729528546605], [-123.73704417960313, 39.144745868462195], [-123.7370186966918, 39.14476438869593], [-123.73699573950557, 39.144784722527326], [-123.73697553490173, 39.144806772958816], [-123.736958300612, 39.144830263177504], [-123.73694414322208, 39.144855009823566], [-123.73689198942849, 39.144959982477864], [-123.73687143694033, 39.144995730775186], [-123.73667002126275, 39.144952376156716], [-123.73663785872101, 39.144946608045494], [-123.73660512967963, 39.14494337861356], [-123.73657205643043, 39.144942500954556], [-123.7365391109368, 39.14494414070274], [-123.73650651549065, 39.144948110952335], [-123.7364745106348, 39.144954584428774], [-123.73644342980944, 39.14496328077398], [-123.73641362470562, 39.144974279261056], [-123.73638531761691, 39.14498739298533], [-123.736358624252, 39.14500261840288], [-123.73633399376412, 39.14501967161146], [-123.73631153730082, 39.14503845915962], [-123.73629148172081, 39.14505888405091], [-123.73627392904822, 39.14508067301831], [-123.73625303405161, 39.14510967813316], [-123.73623662146903, 39.14513566439958], [-123.73622385977713, 39.14516279947976], [-123.736207412681, 39.145204784018986], [-123.73318396, 39.14527324000001], [-123.73324366, 39.144952430000004], [-123.73405259, 39.14493422999999], [-123.73403320999999, 39.14414360999999]], [[-123.73432413999998, 39.143710870000035], [-123.73436532000001, 39.14316102], [-123.73369096, 39.14312914999999], [-123.73366577, 39.14368426999999], [-123.73432413999998, 39.143710870000035]]], [[[-123.73593525660216, 39.141551103655864], [-123.73590266590521, 39.141575694485454], [-123.73585780502474, 39.14161425835085], [-123.73584118830794, 39.141604231853776], [-123.73581194939027, 39.14158981951603], [-123.73578327365801, 39.141577370961116], [-123.7357549994435, 39.14154771105375], [-123.73574319218848, 39.141536546691555], [-123.73574520979118, 39.141530631806575], [-123.73575045477153, 39.14150381711476], [-123.73575221035559, 39.14147674912687], [-123.73575036996527, 39.14144961120279], [-123.73574518782166, 39.141422845791496], [-123.73574286048314, 39.14141580334537], [-123.73575068568775, 39.14141700438773], [-123.73578626012952, 39.14141924635539], [-123.73582192457417, 39.14141869408748], [-123.73585733190332, 39.14141535821756], [-123.7359604514122, 39.14140130341282], [-123.7359946759686, 39.14139521226915], [-123.7360280694362, 39.14138644515599], [-123.7360600578499, 39.14137510970561], [-123.73609053006429, 39.141361299371404], [-123.7361189166777, 39.141345211694016], [-123.73614510654618, 39.14132694012733], [-123.73616876624125, 39.14130676503022], [-123.73618978462058, 39.14128477985675], [-123.73620771255308, 39.14126126851069], [-123.73629708948101, 39.14112940225738], [-123.73630894267238, 39.14110949881575], [-123.7363024259557, 39.14112266529862], [-123.73629927873866, 39.14112915508736], [-123.73621905211901, 39.141304323925205], [-123.73608606243198, 39.14145139356568], [-123.73593525660216, 39.141551103655864]]]]}}, {"type": "Feature", "properties": {"rank": 125.0, "eligible": true, "eligibility_reasons": "", "distribution_ready": true, "distribution_readiness_reasons": "", "apn": "1272100300", "site_apns": "1272100300", "site_type": "greenfield", "parcel_count": 1, "residential_zoning": true, "SITUS_ADD": "5915 S HWY 1", "SITUS_CTY": "ELK", "FID": 24353, "centroid_lon": -123.71442840254765, "centroid_lat": 39.13212320558071, "score": 0.5651431383623284, "gross_acres": 13.627743857237398, "screenable_acres": 13.627743857237398, "excluded_acres": 0.0, "wetland_exclusion_acres": 0.0, "protected_exclusion_acres": 0.0, "farmland_exclusion_acres": 0.0, "city_exclusion_acres": 0.0, "improvement_value": 0.0, "improvement_value_per_acre": 0.0, "flat_fraction": 0.8983050847457628, "open_fraction": 0.9322033898305084, "contiguous_acres": 10.897347322701991, "mean_slope_deg": 5.290556038316444, "estimated_mw": 1.9813358768549074, "reference_project_mw": 1.0, "reference_battery_mwh": 4.0, "reference_annual_mwh": 1545.7377699999997, "reference_average_kw": 176.4540833333333, "static_pv_export_limit_mw": 1.18, "reference_export_gap_mw": 0.0, "interconnection_path": "static_distribution", "screened_project_mw": 0.873, "screened_annual_mwh": 1349.4290732099998, "transmission_distance_m": 0.0, "transmission_Name": "PG&E 60kV", "transmission_kV": "60", "transmission_Owner": "PG&E", "transmission_Status": "Operational", "transmission_Type": "OH", "highway_1_side": "east", "highway_1_distance_m": 40.347479772654346, "highway_1_viewshed_exposure": 0.03305937827456692, "highway_1_visible_length_m": 1000.0, "highway_1_nearest_visible_distance_m": 119.90254644025883, "pge_distance_m": 287.42300654273697, "pge_FeederId": "042981101", "pge_FeederName": "ELK 1101", "pge_CSV_LineSection": "4716972", "pge_GenCapacity_kW": 820.0, "pge_GenericPVCapacity_kW": 1180.0, "pge_voltage_kv": 12, "pge_phase_cnt": 3.0, "pge_ICA_Analysis_Date": "Apr 2025", "pge_Feeder_Name": "ELK 1101", "pge_Substation": "ELK", "pge_Nominal_Voltage": "12", "pge_ResCust": 1317, "pge_ComCust": 177, "pge_IndCust": 25, "pge_AgrCust": 16, "pge_OthCust": 17, "pge_Existing_DG": 1024, "pge_Queued_DG": 1163, "pge_Total_DG": 2187, "pge_profile_min_load_kw": 873.0, "pge_profile_peak_load_kw": 2366.0, "pge_profile_min_midday_load_kw": 873.0, "fire_hazard": "Moderate", "solar_kwh_m2_day": 4.9243, "annual_mwh_per_mw": 1545.7377699999997, "LCP_CODE": "R", "GEN_PLAN": "RR10", "BASEZONE": "RR", "score_contiguous_land": 0.5448673661350996, "score_flat_fraction": 0.8983050847457628, "score_open_land_cover": 0.9322033898305084, "score_undeveloped": 1.0, "score_industrial_reuse": 0.0, "score_distribution_proximity": 0.750194324602136, "score_residential_demand": 0.4824175824175824, "score_evening_peak_demand": 0.5171584699453552, "score_grid_hosting_capacity": 0.59, "score_solar_resource": 1.0, "score_transmission_proximity": 1.0, "score_low_highway_visibility": 0.17351554313582707}, "geometry": {"type": "Polygon", "coordinates": [[[-123.71725020999999, 39.13143746000001], [-123.71736604000002, 39.131678340000036], [-123.71709136, 39.13172539999999], [-123.71713405, 39.13184426000003], [-123.71741966000002, 39.13179547999999], [-123.71746839999999, 39.13191828], [-123.71736685000002, 39.13194381], [-123.7173225, 39.13195856], [-123.71733132, 39.131977519999964], [-123.71257833000001, 39.13325520999997], [-123.71205234000001, 39.13188866999999], [-123.71389042000001, 39.13144616000001], [-123.71725020999999, 39.13143746000001]]]}}, {"type": "Feature", "properties": {"rank": 126.0, "eligible": true, "eligibility_reasons": "", "distribution_ready": true, "distribution_readiness_reasons": "", "apn": "1271500100", "site_apns": "1271500100", "site_type": "greenfield", "parcel_count": 1, "residential_zoning": false, "SITUS_ADD": "5801 S HWY 1", "SITUS_CTY": "ELK", "FID": 33970, "centroid_lon": -123.71157335273759, "centroid_lat": 39.132869061030355, "score": 0.5624728202646736, "gross_acres": 81.37033973108372, "screenable_acres": 78.91985272050128, "excluded_acres": 2.4504870105824352, "wetland_exclusion_acres": 2.4504870105817504, "protected_exclusion_acres": 0.0, "farmland_exclusion_acres": 0.0, "city_exclusion_acres": 0.0, "improvement_value": 83181.0, "improvement_value_per_acre": 1022.2520917929093, "flat_fraction": 0.32294617563739375, "open_fraction": 0.8271954674220963, "contiguous_acres": 20.23793074216084, "mean_slope_deg": 17.057617953372464, "estimated_mw": 3.679623771301971, "reference_project_mw": 1.0, "reference_battery_mwh": 4.0, "reference_annual_mwh": 1545.7377699999997, "reference_average_kw": 176.4540833333333, "static_pv_export_limit_mw": 1.18, "reference_export_gap_mw": 0.0, "interconnection_path": "static_distribution", "screened_project_mw": 0.873, "screened_annual_mwh": 1349.4290732099998, "transmission_distance_m": 0.0, "transmission_Name": "PG&E 60kV", "transmission_kV": "60", "transmission_Owner": "PG&E", "transmission_Status": "Operational", "transmission_Type": "OH", "highway_1_side": "east", "highway_1_distance_m": 9.488751042968824, "highway_1_viewshed_exposure": 0.04269961965016354, "highway_1_visible_length_m": 1600.0, "highway_1_nearest_visible_distance_m": 69.34616175782993, "pge_distance_m": 0.0, "pge_FeederId": "042981101", "pge_FeederName": "ELK 1101", "pge_CSV_LineSection": "4716972", "pge_GenCapacity_kW": 820.0, "pge_GenericPVCapacity_kW": 1180.0, "pge_voltage_kv": 12, "pge_phase_cnt": 3.0, "pge_ICA_Analysis_Date": "Apr 2025", "pge_Feeder_Name": "ELK 1101", "pge_Substation": "ELK", "pge_Nominal_Voltage": "12", "pge_ResCust": 1317, "pge_ComCust": 177, "pge_IndCust": 25, "pge_AgrCust": 16, "pge_OthCust": 17, "pge_Existing_DG": 1024, "pge_Queued_DG": 1163, "pge_Total_DG": 2187, "pge_profile_min_load_kw": 873.0, "pge_profile_peak_load_kw": 2366.0, "pge_profile_min_midday_load_kw": 873.0, "fire_hazard": "Moderate", "solar_kwh_m2_day": 4.9243, "annual_mwh_per_mw": 1545.7377699999997, "LCP_CODE": "R", "GEN_PLAN": "RL160", "BASEZONE": "RL", "score_contiguous_land": 1.0, "score_flat_fraction": 0.32294617563739375, "score_open_land_cover": 0.8271954674220963, "score_undeveloped": 0.8977747908207091, "score_industrial_reuse": 0.0, "score_distribution_proximity": 1.0, "score_residential_demand": 0.4824175824175824, "score_evening_peak_demand": 0.5171584699453552, "score_grid_hosting_capacity": 0.59, "score_solar_resource": 1.0, "score_transmission_proximity": 1.0, "score_low_highway_visibility": 0.0}, "geometry": {"type": "Polygon", "coordinates": [[[-123.70623609999998, 39.13405318999999], [-123.70633864999999, 39.13384572], [-123.70641242, 39.13368811000004], [-123.70641569, 39.133458070000025], [-123.70640899, 39.13318011000003], [-123.70643589, 39.13305269999998], [-123.70661787999998, 39.132850250000004], [-123.70681743, 39.13271757999998], [-123.70715823, 39.13237412], [-123.7074065, 39.132068400000016], [-123.70746409000002, 39.131897979999984], [-123.70749392999998, 39.13181927], [-123.70750758999999, 39.131727760000025], [-123.7075345, 39.13160104], [-123.70762411, 39.13144251], [-123.70778583, 39.131349520000015], [-123.70814649, 39.13117190999999], [-123.70829204, 39.13113957000001], [-123.70853188, 39.131069460000006], [-123.70864702, 39.13101903000001], [-123.70879991999999, 39.130926169999974], [-123.70902847000002, 39.13075393], [-123.7093741, 39.130319080000014], [-123.70957195999999, 39.13011708000002], [-123.70984297, 39.12980483999998], [-123.71003376, 39.12967503], [-123.71024949999999, 39.129556529999995], [-123.71030478000002, 39.12950972000001], [-123.71043090000002, 39.12940283000001], [-123.71080058, 39.129234689999976], [-123.71117728999998, 39.129138540000014], [-123.71133077, 39.12906970000003], [-123.71147853000001, 39.12904939000003], [-123.71139512999999, 39.129247339999985], [-123.71139707, 39.12965562000002], [-123.71139130000002, 39.129895430000005], [-123.71175146, 39.131012190000035], [-123.71205234000001, 39.13188866999999], [-123.71257833000001, 39.13325520999997], [-123.71733132, 39.131977519999964], [-123.7173225, 39.13195856], [-123.71736685000002, 39.13194381], [-123.71749204, 39.13220695999999], [-123.71751075, 39.13224718000002], [-123.71760278000002, 39.13254036000006], [-123.71765175, 39.13269209000003], [-123.71769280000001, 39.13285108], [-123.71808954000001, 39.132788589999976], [-123.71824997, 39.13335151000001], [-123.71833581329983, 39.13384939848308], [-123.71831429108845, 39.1338581176802], [-123.71828733897541, 39.133871629418174], [-123.71828240898263, 39.13387435940981], [-123.71825716724611, 39.133889751065375], [-123.71823386071509, 39.13390688704064], [-123.71822921071417, 39.13391063703084], [-123.71820326166743, 39.133934121399655], [-123.71811692153014, 39.13402199119855], [-123.71810450589209, 39.13403546500678], [-123.71810217588627, 39.13403816500115], [-123.71808134257178, 39.13406569956532], [-123.71807944256281, 39.13406858956034], [-123.71806266650596, 39.13409842196658], [-123.71806122649427, 39.13410147196262], [-123.71805464801082, 39.13411681128417], [-123.71804185539514, 39.13414991432751], [-123.71793902716648, 39.13418045098758], [-123.71716261235198, 39.13434367547129], [-123.71690355190026, 39.13437995810495], [-123.71687243777285, 39.13438547337849], [-123.71686653779207, 39.134386743373824], [-123.71682309233776, 39.13439855422539], [-123.71682004234617, 39.13439956422189], [-123.71680409708436, 39.13440521797053], [-123.71633091837799, 39.13458433516716], [-123.71602693126574, 39.134666334708854], [-123.71472418844812, 39.13464536667205], [-123.71469705947244, 39.13463861127633], [-123.71461056614159, 39.13460491848808], [-123.7145915418794, 39.13459805811678], [-123.71458763189017, 39.13459675812137], [-123.71454953282313, 39.13458608645618], [-123.71454605283428, 39.1345852864591], [-123.71452902015358, 39.134581733710654], [-123.71432318084398, 39.13454312385217], [-123.71429216572167, 39.13453845471811], [-123.71376143760395, 39.1344778649442], [-123.71372703999195, 39.13447528810474], [-123.71372038001628, 39.13447504810566], [-123.71367446524606, 39.134475755226156], [-123.71332425718953, 39.13449920911503], [-123.71317925771484, 39.13450893907845], [-123.71316244654024, 39.134510388378075], [-123.71315912655207, 39.13451073837671], [-123.7131182081073, 39.13451701581574], [-123.7131135181228, 39.13451796581226], [-123.7130909482692, 39.134523178403846], [-123.71279474918319, 39.134600168128436], [-123.71277366555192, 39.13460624471961], [-123.71276953556362, 39.134607554715046], [-123.71275346888221, 39.13461362088781], [-123.70549924000001, 39.13449649], [-123.70603794, 39.13424352000001], [-123.70616088000001, 39.13415109999999], [-123.70623609999998, 39.13405318999999]]]}}, {"type": "Feature", "properties": {"rank": 127.0, "eligible": true, "eligibility_reasons": "", "distribution_ready": true, "distribution_readiness_reasons": "", "apn": "1271400300", "site_apns": "1271400300", "site_type": "greenfield", "parcel_count": 1, "residential_zoning": false, "SITUS_ADD": "NONE", "SITUS_CTY": " ", "FID": 26697, "centroid_lon": -123.71078843385068, "centroid_lat": 39.13641737925087, "score": 0.5611030769569696, "gross_acres": 111.09291471052875, "screenable_acres": 94.57424089254012, "excluded_acres": 16.518673817988628, "wetland_exclusion_acres": 16.51867381798803, "protected_exclusion_acres": 0.0, "farmland_exclusion_acres": 0.0, "city_exclusion_acres": 0.0, "improvement_value": 0.0, "improvement_value_per_acre": 0.0, "flat_fraction": 0.30465116279069765, "open_fraction": 0.5906976744186047, "contiguous_acres": 14.678059659149621, "mean_slope_deg": 19.1783539008086, "estimated_mw": 2.668738119845386, "reference_project_mw": 1.0, "reference_battery_mwh": 4.0, "reference_annual_mwh": 1545.7377699999997, "reference_average_kw": 176.4540833333333, "static_pv_export_limit_mw": 1.18, "reference_export_gap_mw": 0.0, "interconnection_path": "static_distribution", "screened_project_mw": 0.873, "screened_annual_mwh": 1349.4290732099998, "transmission_distance_m": 0.0, "transmission_Name": "PG&E 60kV", "transmission_kV": "60", "transmission_Owner": "PG&E", "transmission_Status": "Operational", "transmission_Type": "OH", "highway_1_side": "east", "highway_1_distance_m": 15.2676952561789, "highway_1_viewshed_exposure": 0.024551737537622395, "highway_1_visible_length_m": 1900.0, "highway_1_nearest_visible_distance_m": 88.99679635934882, "pge_distance_m": 573.2300309202374, "pge_FeederId": "042981101", "pge_FeederName": "ELK 1101", "pge_CSV_LineSection": "4716972", "pge_GenCapacity_kW": 820.0, "pge_GenericPVCapacity_kW": 1180.0, "pge_voltage_kv": 12, "pge_phase_cnt": 3.0, "pge_ICA_Analysis_Date": "Apr 2025", "pge_Feeder_Name": "ELK 1101", "pge_Substation": "ELK", "pge_Nominal_Voltage": "12", "pge_ResCust": 1317, "pge_ComCust": 177, "pge_IndCust": 25, "pge_AgrCust": 16, "pge_OthCust": 17, "pge_Existing_DG": 1024, "pge_Queued_DG": 1163, "pge_Total_DG": 2187, "pge_profile_min_load_kw": 873.0, "pge_profile_peak_load_kw": 2366.0, "pge_profile_min_midday_load_kw": 873.0, "fire_hazard": "High", "solar_kwh_m2_day": 4.9243, "annual_mwh_per_mw": 1545.7377699999997, "LCP_CODE": "R", "GEN_PLAN": "RL160", "BASEZONE": "RL", "score_contiguous_land": 0.733902982957481, "score_flat_fraction": 0.30465116279069765, "score_open_land_cover": 0.5906976744186047, "score_undeveloped": 1.0, "score_industrial_reuse": 0.0, "score_distribution_proximity": 0.5637017209642796, "score_residential_demand": 0.4824175824175824, "score_evening_peak_demand": 0.5171584699453552, "score_grid_hosting_capacity": 0.59, "score_solar_resource": 1.0, "score_transmission_proximity": 1.0, "score_low_highway_visibility": 0.3862065615594401}, "geometry": {"type": "MultiPolygon", "coordinates": [[[[-123.70512245, 39.13502995999996], [-123.7052908, 39.13477278999995], [-123.70549924000001, 39.13449649], [-123.7127533886247, 39.134613619594305], [-123.71272912889052, 39.13462280082268], [-123.71272527684637, 39.13462453894033], [-123.7126885598177, 39.13464321589515], [-123.71268495729375, 39.13464530659935], [-123.71266698546702, 39.1346565692928], [-123.71217240536411, 39.1349868786502], [-123.71215294960281, 39.13500088782699], [-123.71175702778457, 39.13530928224956], [-123.71174123788852, 39.13532245940128], [-123.71173846783813, 39.13532497496766], [-123.71171979884927, 39.13534310225053], [-123.71140886595308, 39.13567331101316], [-123.71139833906837, 39.13568515733051], [-123.711396258643, 39.13568756185297], [-123.711387004421, 39.1356993694344], [-123.7112585630078, 39.13587076462422], [-123.71117873426931, 39.13593991844611], [-123.71104785255649, 39.13602152152251], [-123.71049875457253, 39.13627514268683], [-123.71048269695457, 39.136283015086576], [-123.70952837834568, 39.13678047009191], [-123.70858429753454, 39.13711102053095], [-123.70856701008765, 39.13711748933251], [-123.7085637181994, 39.137118850093174], [-123.7085219579082, 39.137138669628044], [-123.70851711414676, 39.137141428275726], [-123.70849316295657, 39.13715593374183], [-123.70847091305178, 39.1371720082957], [-123.70846667947892, 39.137175378707795], [-123.7084463577283, 39.13719292540398], [-123.70842807077769, 39.137211760908805], [-123.70842467426435, 39.13721564614049], [-123.7084085332842, 39.13723567702736], [-123.70839476062075, 39.13725671644367], [-123.70839231233941, 39.13726102306874], [-123.708381005581, 39.13728270786261], [-123.70837216473107, 39.13730503803492], [-123.7083706601553, 39.13730967614558], [-123.70836438733116, 39.13733237845293], [-123.70836068706393, 39.13735554280432], [-123.7083602283118, 39.13736023915703], [-123.70835910965926, 39.13738404536971], [-123.70836065662935, 39.13740786056572], [-123.70836123917522, 39.13741252525208], [-123.70836541554839, 39.13743563016341], [-123.70837212373817, 39.137458387942246], [-123.70837374305637, 39.13746293105356], [-123.70838310329384, 39.137485428089356], [-123.70839497271326, 39.137507128449066], [-123.70839750405007, 39.137511373686515], [-123.70841164219907, 39.137532104589155], [-123.70842804454965, 39.137551776125775], [-123.7084315990786, 39.13755563006152], [-123.70845014540576, 39.13757415584064], [-123.70847059525234, 39.13759136308195], [-123.70847493251826, 39.13759465293532], [-123.70849751728666, 39.13761053459974], [-123.70852176059049, 39.13762483503594], [-123.70852676036532, 39.137627474416135], [-123.70855253744948, 39.13764001732366], [-123.70857949668243, 39.137650723350205], [-123.70858504326526, 39.137652715775], [-123.70861318464695, 39.13766158491835], [-123.70864227224557, 39.137668534308055], [-123.70864812517837, 39.137669706997286], [-123.70867757143532, 39.137674574408074], [-123.70870738540366, 39.137677539658135], [-123.7087134289843, 39.13767789613012], [-123.70874406440622, 39.13767876532524], [-123.70877471137734, 39.13767756309845], [-123.7087807142032, 39.1376771103907], [-123.70881389548296, 39.137673309781825], [-123.70884649169103, 39.13766709571049], [-123.70885336577591, 39.13766553594567], [-123.70889699718587, 39.13765295313349], [-123.70987148612895, 39.13731175027518], [-123.70989376916478, 39.13730323833345], [-123.70989796398479, 39.13730139983501], [-123.70992649064384, 39.13728801553128], [-123.71089888090765, 39.13678118294689], [-123.7114611167983, 39.13652148721881], [-123.71148191586948, 39.13651112917162], [-123.71148597678021, 39.13650893450721], [-123.71150500411814, 39.136497910011165], [-123.7116816112196, 39.13638781071955], [-123.71170446586812, 39.13637225742689], [-123.71170826364569, 39.13636944044017], [-123.71172652661815, 39.13635474727683], [-123.71185398653273, 39.13624434275973], [-123.71187818228005, 39.136220914584115], [-123.7118819165946, 39.13621683887564], [-123.71189939492739, 39.1361957762837], [-123.71203738228222, 39.136011483299804], [-123.71231861215504, 39.13571270281025], [-123.71268253467754, 39.13542923310142], [-123.7131080590876, 39.135144967021304], [-123.71329025920933, 39.13509763733474], [-123.71338991891744, 39.13509091056444], [-123.71369444680067, 39.13507047072681], [-123.71416213987835, 39.1351238508975], [-123.71430719913401, 39.13515112874658], [-123.71438106916624, 39.13517985456189], [-123.71440301492059, 39.135187650428804], [-123.71440749300082, 39.13518913485578], [-123.7144352417033, 39.13519711413828], [-123.71478834198298, 39.13528504853319], [-123.71480627480925, 39.13528909458738], [-123.7148100179067, 39.135289790973644], [-123.71483013082035, 39.135293410423984], [-123.71500776479353, 39.13532095573206], [-123.71503353776828, 39.135324222617555], [-123.71532415264139, 39.13535183713292], [-123.71534613263675, 39.13535341859212], [-123.71535042700651, 39.13535355788726], [-123.71537061258806, 39.13535402341263], [-123.71559644932536, 39.13535398572801], [-123.71562964053464, 39.135352704222655], [-123.71563599021762, 39.135352240601904], [-123.71566825360006, 39.135348646151826], [-123.71599970285818, 39.13529910566767], [-123.71602393325972, 39.135294765409625], [-123.71602875166342, 39.135293808154415], [-123.71605279377223, 39.135288032886265], [-123.71660334738873, 39.1351395158626], [-123.71662401153398, 39.13513339320456], [-123.71662742795601, 39.135132208517355], [-123.71664496377211, 39.13512609115855], [-123.71709124118998, 39.134957157950936], [-123.71731583528883, 39.13492563867395], [-123.7173447817726, 39.134920614099336], [-123.71815712518638, 39.13474988154382], [-123.71817281653676, 39.13474625145558], [-123.71817601968412, 39.134745433412995], [-123.71819362337439, 39.13474066445303], [-123.71831945351309, 39.13470327241654], [-123.71827553000001, 39.134896199999964], [-123.71822611000002, 39.13505537], [-123.71820465, 39.135168850000014], [-123.71819186000002, 39.13524071999998], [-123.71819947761281, 39.135294642302306], [-123.7179650395038, 39.135466565267905], [-123.71794954330056, 39.13547865374434], [-123.71794665322058, 39.13548108307133], [-123.71792935813035, 39.1354965581128], [-123.71791362155794, 39.135513066190605], [-123.71791011446615, 39.13551704511936], [-123.71789301233804, 39.135538637432475], [-123.71782245796415, 39.13563758854534], [-123.7178095684683, 39.13565770171035], [-123.71780722286935, 39.13566173526989], [-123.7177972960856, 39.13568085763919], [-123.71778925221798, 39.135700552925485], [-123.71778781857235, 39.135704288541056], [-123.71778206139862, 39.135723373829926], [-123.7177085685154, 39.136009711152155], [-123.71748161309733, 39.13633881664558], [-123.71746992343881, 39.13635745245182], [-123.71746779103898, 39.13636111931927], [-123.71745841078969, 39.136379594673826], [-123.71739881513373, 39.13650972772172], [-123.71728791996718, 39.13666348596426], [-123.71727076076913, 39.13669084290182], [-123.71726778445918, 39.13669615632831], [-123.71725864912956, 39.13671489434053], [-123.71725139220021, 39.136734115370274], [-123.71717334016053, 39.13697151602782], [-123.71716889165491, 39.136986689397716], [-123.71716822245851, 39.13698950123843], [-123.71716425042908, 39.13700952259494], [-123.71711482665519, 39.13733429612966], [-123.71711307096886, 39.137350017740616], [-123.71711288271824, 39.13735317510692], [-123.71711229310127, 39.13736904126633], [-123.71711230207012, 39.13752302053708], [-123.71711364770444, 39.137547382126], [-123.7171142353441, 39.13755213667898], [-123.7171183123861, 39.13757551454324], [-123.71716494039643, 39.13777660067809], [-123.71692246000002, 39.138137290000024], [-123.70905915, 39.13808383999996], [-123.70439046, 39.13809171000002], [-123.70444546999998, 39.13532476999998], [-123.70512245, 39.13502995999996]]], [[[-123.71602699208503, 39.13466633568743], [-123.71582841556693, 39.134719924356666], [-123.71555976191881, 39.13476007718158], [-123.71539371650763, 39.13476009399313], [-123.71514199564226, 39.13473624728066], [-123.71500091128758, 39.13471425212474], [-123.71472430274216, 39.13464536851224], [-123.71602699208503, 39.13466633568743]]]]}}, {"type": "Feature", "properties": {"rank": 153.0, "eligible": true, "eligibility_reasons": "", "distribution_ready": true, "distribution_readiness_reasons": "", "apn": "1270600700", "site_apns": "1270600700", "site_type": "greenfield", "parcel_count": 1, "residential_zoning": false, "SITUS_ADD": "NONE", "SITUS_CTY": " ", "FID": 31979, "centroid_lon": -123.73557344088556, "centroid_lat": 39.15176214036143, "score": 0.5329764614233794, "gross_acres": 46.8513435702153, "screenable_acres": 30.198877271452563, "excluded_acres": 16.652466298762736, "wetland_exclusion_acres": 16.652466298763116, "protected_exclusion_acres": 1.3631009562601633, "farmland_exclusion_acres": 0.0, "city_exclusion_acres": 0.0, "improvement_value": 0.0, "improvement_value_per_acre": 0.0, "flat_fraction": 0.6466165413533834, "open_fraction": 0.9172932330827067, "contiguous_acres": 17.791587465635903, "mean_slope_deg": 11.893960620702396, "estimated_mw": 3.2348340846610735, "reference_project_mw": 1.0, "reference_battery_mwh": 4.0, "reference_annual_mwh": 1545.7377699999997, "reference_average_kw": 176.4540833333333, "static_pv_export_limit_mw": 1.18, "reference_export_gap_mw": 0.0, "interconnection_path": "static_distribution", "screened_project_mw": 0.873, "screened_annual_mwh": 1349.4290732099998, "transmission_distance_m": 127.76571675105856, "transmission_Name": "PG&E 60kV", "transmission_kV": "60", "transmission_Owner": "PG&E", "transmission_Status": "Operational", "transmission_Type": "OH", "highway_1_side": "west", "highway_1_distance_m": 2.5942170682344314, "highway_1_viewshed_exposure": 0.06812325081219456, "highway_1_visible_length_m": 2500.0, "highway_1_nearest_visible_distance_m": 39.156410631789356, "pge_distance_m": 866.4256612498535, "pge_FeederId": "042981101", "pge_FeederName": "ELK 1101", "pge_CSV_LineSection": "3233329", "pge_GenCapacity_kW": 820.0, "pge_GenericPVCapacity_kW": 1180.0, "pge_voltage_kv": 12, "pge_phase_cnt": 3.0, "pge_ICA_Analysis_Date": "Apr 2025", "pge_Feeder_Name": "ELK 1101", "pge_Substation": "ELK", "pge_Nominal_Voltage": "12", "pge_ResCust": 1317, "pge_ComCust": 177, "pge_IndCust": 25, "pge_AgrCust": 16, "pge_OthCust": 17, "pge_Existing_DG": 1024, "pge_Queued_DG": 1163, "pge_Total_DG": 2187, "pge_profile_min_load_kw": 873.0, "pge_profile_peak_load_kw": 2366.0, "pge_profile_min_midday_load_kw": 873.0, "fire_hazard": "Moderate", "solar_kwh_m2_day": 4.9243, "annual_mwh_per_mw": 1545.7377699999997, "LCP_CODE": "R", "GEN_PLAN": "RL160", "BASEZONE": "RL", "score_contiguous_land": 0.8895793732817951, "score_flat_fraction": 0.6466165413533834, "score_open_land_cover": 0.9172932330827067, "score_undeveloped": 1.0, "score_industrial_reuse": 0.0, "score_distribution_proximity": 0.4204517034370229, "score_residential_demand": 0.4824175824175824, "score_evening_peak_demand": 0.5171584699453552, "score_grid_hosting_capacity": 0.59, "score_solar_resource": 1.0, "score_transmission_proximity": 0.8800595382017659, "score_low_highway_visibility": 0.0}, "geometry": {"type": "MultiPolygon", "coordinates": [[[[-123.73375689, 39.15336236000002], [-123.73386856, 39.15317984000001], [-123.73401738, 39.15293375000001], [-123.73409583000002, 39.15279075000003], [-123.73423781999999, 39.152685180000006], [-123.73445018000001, 39.152593739999965], [-123.73461015, 39.152500739999994], [-123.73472926, 39.152323900000034], [-123.7347286, 39.151937379999985], [-123.73449969, 39.1508725], [-123.73431868000002, 39.14981925999996], [-123.73415465, 39.14918043000002], [-123.73397976999999, 39.14887725999998], [-123.73519565297154, 39.14886525735019], [-123.7352212928285, 39.14887960619833], [-123.73525224290445, 39.14889342611227], [-123.7352848010219, 39.148904675436405], [-123.73549156362061, 39.14896641875767], [-123.73552326784804, 39.148974542507275], [-123.73562521409119, 39.14899654325537], [-123.73566390407606, 39.149003012235546], [-123.73570311957774, 39.14900613334468], [-123.73579761863296, 39.149009271963045], [-123.73579721042897, 39.14903548832829], [-123.7357999357022, 39.14906178880728], [-123.73580611879639, 39.14908771322675], [-123.73581539887827, 39.14911300249602], [-123.73582788710571, 39.149137563161986], [-123.73584333379928, 39.14916104268119], [-123.73586172527482, 39.14918317132876], [-123.73588945125078, 39.14921338847311], [-123.73590945533067, 39.14923303643142], [-123.73593158961299, 39.14925126841963], [-123.73595595612848, 39.1492678111683], [-123.73598207832164, 39.149282409131054], [-123.73600996075378, 39.149295152214684], [-123.73603747489139, 39.14930520514469], [-123.73605318837474, 39.14932480442029], [-123.7360729639986, 39.149346800592305], [-123.73609544385013, 39.14936727315954], [-123.73612048940076, 39.14938577612571], [-123.73614775806095, 39.149402410031804], [-123.73617699558288, 39.14941673242654], [-123.73620797053032, 39.149428750398314], [-123.73624033118645, 39.14943838467268], [-123.73627371670872, 39.149445376159875], [-123.73630790022172, 39.149449821856834], [-123.73634240972714, 39.14945155612743], [-123.7363770137864, 39.14945058606135], [-123.73641125408899, 39.14944701574703], [-123.73644489919664, 39.14944085227498], [-123.73647759739102, 39.149432016373396], [-123.73650901064279, 39.1494206984944], [-123.73653891664063, 39.149407085545285], [-123.73656673679622, 39.14939119525348], [-123.73658285708696, 39.14937998569752], [-123.73660265642306, 39.149388744054356], [-123.73663403497748, 39.14939957893426], [-123.7366666835081, 39.14940803365706], [-123.73676464610813, 39.149429165012386], [-123.73679178001254, 39.149434006661636], [-123.73679565473529, 39.14943956094785], [-123.73687024499286, 39.14953452705208], [-123.73688822126687, 39.14955531756675], [-123.73690855460505, 39.14957459509581], [-123.73693124500797, 39.14959235963798], [-123.73695582047864, 39.14960844555868], [-123.7369822718896, 39.14962267304091], [-123.73701024752351, 39.14963496281274], [-123.73703962709769, 39.14964522851083], [-123.73705799393927, 39.14965087902203], [-123.73706657303501, 39.1496669147827], [-123.73712230905333, 39.149771733388675], [-123.7371241746588, 39.149829036616026], [-123.73711474417222, 39.14985102708022], [-123.73710579318036, 39.14987561423497], [-123.73709988279745, 39.149900738554564], [-123.73709711961723, 39.14992621667801], [-123.73709748995194, 39.14995177888181], [-123.73710086895936, 39.14997724889595], [-123.73710735410609, 39.15000226354292], [-123.73711694083147, 39.15002673291436], [-123.73712938401071, 39.150050394377324], [-123.7371446745187, 39.15007306811529], [-123.73716268294783, 39.15009448794929], [-123.73718316873524, 39.15011448115401], [-123.73720612275416, 39.150132867912404], [-123.7372310730035, 39.15014948259085], [-123.73725765863585, 39.150164066102235], [-123.73725767364793, 39.15016892821963], [-123.73724316746257, 39.150175405924095], [-123.73721421279083, 39.15019178137331], [-123.73718768200767, 39.150210243688036], [-123.73716369083128, 39.15023078932409], [-123.73712256028202, 39.15026986967773], [-123.73710176192725, 39.15029166818422], [-123.73708405895601, 39.150315082747724], [-123.73706931739682, 39.150339757283966], [-123.73705787071725, 39.15036541143312], [-123.73704982094826, 39.15039177192677], [-123.73704516352966, 39.150418748857646], [-123.73704410708467, 39.1504458855953], [-123.73704652677114, 39.150473005869635], [-123.73705581041713, 39.1505326031552], [-123.73705559266998, 39.150532879970385], [-123.73704949836409, 39.15054981558359], [-123.73703333550927, 39.1505556236409], [-123.737002989078, 39.150569700439725], [-123.73697472851268, 39.1505860545607], [-123.73694866496766, 39.150604592551716], [-123.73692513647293, 39.150625123961674], [-123.73690447649601, 39.150647368431564], [-123.73688679163041, 39.15067114260154], [-123.7368722996262, 39.150696169658055], [-123.73686110707845, 39.150722266240926], [-123.73683697472563, 39.15079027129175], [-123.73682998163163, 39.15081461834598], [-123.73669862418427, 39.150859434538305], [-123.7366694090204, 39.15087068511088], [-123.7366416874357, 39.150883961014905], [-123.73661569086799, 39.150899255160894], [-123.73659175734905, 39.15091637709818], [-123.73656987775232, 39.15093514701218], [-123.73655039011102, 39.15095537445238], [-123.73653341014573, 39.15097705587486], [-123.73651914648217, 39.15099973465043], [-123.7365077194051, 39.151023497142866], [-123.73646721677703, 39.15112063881558], [-123.73645773992386, 39.15114857380046], [-123.73645200260984, 39.151177114603655], [-123.73645033374778, 39.15120589095844], [-123.7364519468259, 39.15136099379846], [-123.73645400547423, 39.15138785500622], [-123.73645941545442, 39.15141452349669], [-123.73646826967565, 39.15144054618439], [-123.73648044785779, 39.151465836705874], [-123.7364956957476, 39.15148995261067], [-123.73651412906803, 39.15151289035231], [-123.73653526212317, 39.15153421457064], [-123.73666782429285, 39.1516546893589], [-123.73669020918537, 39.15167327376853], [-123.73671482180409, 39.15169007901492], [-123.7367413104227, 39.15170502582508], [-123.73676955019269, 39.151717937927295], [-123.73679919394985, 39.15172882595672], [-123.73682999656009, 39.15173742727947], [-123.73686172657904, 39.1517437489858], [-123.73689403227759, 39.151747711803694], [-123.73692679336821, 39.15174922937033], [-123.73695955152742, 39.151748405775784], [-123.73699195958922, 39.15174525165716], [-123.73719293127895, 39.15171784248285], [-123.73722211901081, 39.15171289597444], [-123.73724444269507, 39.15170743940415], [-123.73725542218546, 39.15171367645988], [-123.73728931087592, 39.15173055754878], [-123.73737334695375, 39.151767243303524], [-123.73737598247924, 39.15177121469405], [-123.73739463389374, 39.151793875489446], [-123.73741598959819, 39.15181501264968], [-123.73744004046512, 39.15183444635738], [-123.73746653679592, 39.15185182407132], [-123.7374950157056, 39.15186715997456], [-123.7375253432147, 39.15188009798004], [-123.73755524141284, 39.151891428273835], [-123.73760731995583, 39.151981230874235], [-123.73762151931106, 39.15200294749912], [-123.73763809404983, 39.15202351075544], [-123.73765704417339, 39.15204292064227], [-123.73767812454636, 39.152060914527326], [-123.73776777550216, 39.15213056556115], [-123.7377921844643, 39.15214791713376], [-123.73781869628957, 39.1521633132525], [-123.73784696381242, 39.15217676455535], [-123.73787674189406, 39.152188008410256], [-123.73801267503814, 39.15223327866841], [-123.73807999905321, 39.15228092171129], [-123.73813162744922, 39.15233444864583], [-123.7381520776018, 39.1523537224426], [-123.7382033379158, 39.15239771556104], [-123.73820829070667, 39.15241080079411], [-123.73820648150986, 39.15246875701186], [-123.73820800925012, 39.152501127413586], [-123.73821449934788, 39.15253307557843], [-123.73822495734267, 39.152570124904834], [-123.73825407352578, 39.15267332782546], [-123.73824098353684, 39.152712269513735], [-123.73823415666433, 39.15273760210787], [-123.73823059284304, 39.152763284929975], [-123.73823005150075, 39.152789145258254], [-123.7382327503902, 39.152814906275175], [-123.73823868038426, 39.15284038816468], [-123.7382477120678, 39.15286532474931], [-123.73825971602535, 39.1528894498514], [-123.73827456284084, 39.152912497293045], [-123.73829236823903, 39.15293446352639], [-123.738312646504, 39.15295491319804], [-123.73833539307115, 39.1529737563987], [-123.7384057738135, 39.15302679853413], [-123.73841456975892, 39.15304480864968], [-123.73843999473873, 39.15311867904063], [-123.73844951382976, 39.15314179971902], [-123.73844459372704, 39.15315446718173], [-123.73843790086869, 39.153180155876534], [-123.73843458680537, 39.15320619124691], [-123.73843441096311, 39.15323240057139], [-123.73843759109529, 39.15325850703209], [-123.73844399778567, 39.153284244451925], [-123.73845361734091, 39.153309343106464], [-123.7384663249096, 39.15333362672613], [-123.73847372328274, 39.15334465594295], [-123.73847002171881, 39.15334251820337], [-123.73844232312065, 39.15332886948737], [-123.73841322970063, 39.15331742466723], [-123.7383827368913, 39.15330809383403], [-123.73835131671473, 39.153301042614665], [-123.73831920518029, 39.15329635382263], [-123.73824741286394, 39.15328855892549], [-123.73821333245269, 39.15328618164796], [-123.7382020935954, 39.153286255965746], [-123.73820660563811, 39.15327468159489], [-123.73821350423339, 39.15324619512462], [-123.73822605329406, 39.153173772203054], [-123.7382289091025, 39.15314784093397], [-123.73822851553288, 39.153121829160845], [-123.7382248817191, 39.15309591669938], [-123.7382181416484, 39.15307045963436], [-123.73819022005775, 39.15298622017218], [-123.73817858472351, 39.15295794156276], [-123.73816306504108, 39.15293077253047], [-123.73814379956234, 39.15290515906676], [-123.73812102886556, 39.152881273892355], [-123.73807028456383, 39.15283375304054], [-123.7380464281295, 39.15281359309229], [-123.7380202419639, 39.15279548559395], [-123.73799173063144, 39.152779520451936], [-123.73796125042847, 39.152765866840625], [-123.73792915765041, 39.15275469393481], [-123.73789579946222, 39.152745991093674], [-123.73786154128743, 39.152740107308304], [-123.73782660543783, 39.15273685566922], [-123.73779145936436, 39.15273631189809], [-123.73775645935983, 39.152738645171446], [-123.73772194345842, 39.15274366503437], [-123.7376438683726, 39.15275821410846], [-123.73763778528883, 39.15275939104904], [-123.73758110675841, 39.15277076305012], [-123.73741621707407, 39.15270990084159], [-123.73736802292858, 39.15268292252651], [-123.73718193143202, 39.152535453357025], [-123.73715727734923, 39.15251783902732], [-123.73713075184301, 39.152502173038776], [-123.73710223919039, 39.152488458935885], [-123.73707221596993, 39.15247695225815], [-123.73704092275132, 39.152467825728976], [-123.7370087021345, 39.15246097880225], [-123.73697568352983, 39.15245667765561], [-123.73684699376521, 39.152444502005345], [-123.73681247828227, 39.15244267796741], [-123.73677785913284, 39.15244337843415], [-123.73674361289177, 39.15244685894773], [-123.73670984615067, 39.152452936147014], [-123.73667713751652, 39.152461592305734], [-123.7366457138672, 39.15247273042587], [-123.73661580208122, 39.152486253510055], [-123.73658774019655, 39.15250197110755], [-123.73656187537844, 39.1525198725838], [-123.73653842081808, 39.15253959121791], [-123.73639875383188, 39.15266966669932], [-123.73637028749208, 39.15270025451991], [-123.73621466774921, 39.152895112602124], [-123.73620738428582, 39.15290461063835], [-123.73603966086817, 39.15313504794282], [-123.73601794389037, 39.15317074175408], [-123.73595747567285, 39.15329244756769], [-123.73595642464188, 39.15327401996341], [-123.73595175923454, 39.153248319150975], [-123.7359439875505, 39.15322307367704], [-123.73593300755688, 39.15319855680975], [-123.73591918011354, 39.15317502763849], [-123.73590250978509, 39.15315257607015], [-123.73586066082491, 39.15310217047936], [-123.73583993565977, 39.15307975305592], [-123.73581640411399, 39.15305913249577], [-123.73579031132104, 39.15304057143238], [-123.73576188872677, 39.153024062775025], [-123.73573150174802, 39.15300995552072], [-123.73569938182898, 39.15299824257916], [-123.73566588982256, 39.15298918303979], [-123.73563137745657, 39.1529828561764], [-123.7355961918963, 39.152979251355006], [-123.7355608051538, 39.15297853421395], [-123.73552543954689, 39.15298051784844], [-123.7354568170352, 39.15298721198452], [-123.73543228664781, 39.15299030450858], [-123.73542734249214, 39.15299108626498], [-123.73537815350534, 39.15300159751537], [-123.73537346816484, 39.153002911629635], [-123.7353505317222, 39.15301000747015], [-123.73467949055302, 39.153239197417975], [-123.73442379993011, 39.153243604636245], [-123.73439604910921, 39.15324490454945], [-123.73439050806604, 39.15324534434757], [-123.73434560851132, 39.153251311500924], [-123.73434227533386, 39.153251863793045], [-123.73432678948285, 39.153255039361085], [-123.73422810926171, 39.15327697066732], [-123.73420659494286, 39.15328240188806], [-123.73420248362078, 39.153283608334284], [-123.7341623645851, 39.153296993066554], [-123.73415838722613, 39.15329855560075], [-123.73411965342159, 39.15331640029484], [-123.73411604147228, 39.15331831183126], [-123.73409858314191, 39.15332830133784], [-123.73405157873057, 39.1533567547058], [-123.73391430831363, 39.153353663298184], [-123.73388847002455, 39.15335382397185], [-123.73388337818481, 39.15335397985163], [-123.7338326193825, 39.15335868542241], [-123.73382755946149, 39.15335947065679], [-123.7338025232211, 39.15336401909707], [-123.7337780228294, 39.15336999189176], [-123.73377310598958, 39.153371313029986], [-123.73374936833193, 39.153378613185176], [-123.73361627640436, 39.153424109144225], [-123.73375689, 39.15336236000002]]], [[[-123.734428, 39.156119910000044], [-123.73436476999998, 39.15611873000005], [-123.73430231000002, 39.15565602000002], [-123.73420994, 39.155046329999955], [-123.73420403, 39.15480527999997], [-123.73448536, 39.15436541000005], [-123.73442715, 39.154144320000015], [-123.73429002999998, 39.154006600000045], [-123.73413994060792, 39.153952724025714], [-123.7341519264857, 39.15395268009139], [-123.73415598140552, 39.15395264599531], [-123.73419675464746, 39.15394986687829], [-123.73420078676524, 39.15394938324006], [-123.73424056295455, 39.15394294267606], [-123.73424446110542, 39.1539421029469], [-123.73426393361675, 39.153937544666725], [-123.7343274264836, 39.15392110303059], [-123.734354719794, 39.15391306356626], [-123.73436007675465, 39.15391127869094], [-123.73438691799068, 39.15390118196214], [-123.73441251532292, 39.1538894124053], [-123.73441748862204, 39.153886918892184], [-123.73444149943504, 39.15387357704512], [-123.73450312404543, 39.15383630143672], [-123.73477213414209, 39.153831666358265], [-123.73479411264394, 39.15383081326291], [-123.73479861677083, 39.153830495246815], [-123.73484504386386, 39.15382493139867], [-123.73484940946005, 39.15382416738377], [-123.73489203471478, 39.153814487689516], [-123.73489637750382, 39.153813274132474], [-123.73491748545784, 39.15380668461477], [-123.73560710207957, 39.153571161460626], [-123.7356536948553, 39.153566582749775], [-123.73568650279819, 39.153562156084945], [-123.73571229887247, 39.153556593457985], [-123.73561710380301, 39.15369746233081], [-123.73560267631333, 39.15372149673404], [-123.7355914326734, 39.15374660424361], [-123.73558335463781, 39.153772425228134], [-123.73557865997198, 39.15379868287535], [-123.73557722383106, 39.153825200913914], [-123.73557851882889, 39.15395122817602], [-123.735560195379, 39.154078936876175], [-123.73552175155791, 39.1541984371155], [-123.73548492953658, 39.154247110093024], [-123.73533828969838, 39.15444088155581], [-123.7353257687991, 39.15445909447659], [-123.73518697724045, 39.15467963974024], [-123.73517422144087, 39.154702362229244], [-123.73516439983086, 39.154725805291875], [-123.73515728096142, 39.15474997601675], [-123.73507773274001, 39.15508964113159], [-123.73507277848398, 39.1551222100627], [-123.7350728141434, 39.15515489633299], [-123.73509604037758, 39.15544134763254], [-123.73509872407912, 39.15570213406225], [-123.73510038668375, 39.15572576573393], [-123.73512751932194, 39.15594528196446], [-123.7351309577232, 39.15596507724848], [-123.73513623864628, 39.15598463601359], [-123.73516300415652, 39.156068204832096], [-123.734428, 39.156119910000044]]]]}}, {"type": "Feature", "properties": {"rank": 154.0, "eligible": true, "eligibility_reasons": "", "distribution_ready": true, "distribution_readiness_reasons": "", "apn": "1270600700", "site_apns": "1270600700", "site_type": "greenfield", "parcel_count": 1, "residential_zoning": false, "SITUS_ADD": "NONE", "SITUS_CTY": " ", "FID": 31831, "centroid_lon": -123.72815869209471, "centroid_lat": 39.15200644503772, "score": 0.5324942959240704, "gross_acres": 142.84090648334217, "screenable_acres": 123.46711714052364, "excluded_acres": 19.373789342818526, "wetland_exclusion_acres": 19.373789342817094, "protected_exclusion_acres": 0.0, "farmland_exclusion_acres": 0.0, "city_exclusion_acres": 0.0, "improvement_value": 0.0, "improvement_value_per_acre": 0.0, "flat_fraction": 0.40707964601769914, "open_fraction": 0.384070796460177, "contiguous_acres": 19.570746212199495, "mean_slope_deg": 14.301252218411324, "estimated_mw": 3.558317493127181, "reference_project_mw": 1.0, "reference_battery_mwh": 4.0, "reference_annual_mwh": 1545.7377699999997, "reference_average_kw": 176.4540833333333, "static_pv_export_limit_mw": 1.18, "reference_export_gap_mw": 0.0, "interconnection_path": "static_distribution", "screened_project_mw": 0.873, "screened_annual_mwh": 1349.4290732099998, "transmission_distance_m": 0.0, "transmission_Name": "PG&E 60kV", "transmission_kV": "60", "transmission_Owner": "PG&E", "transmission_Status": "Operational", "transmission_Type": "OH", "highway_1_side": "east", "highway_1_distance_m": 5.274726555382816, "highway_1_viewshed_exposure": 0.036510762441480875, "highway_1_visible_length_m": 1700.0, "highway_1_nearest_visible_distance_m": 21.612547337119636, "pge_distance_m": 745.8190709358447, "pge_FeederId": "042981101", "pge_FeederName": "ELK 1101", "pge_CSV_LineSection": "3233329", "pge_GenCapacity_kW": 820.0, "pge_GenericPVCapacity_kW": 1180.0, "pge_voltage_kv": 12, "pge_phase_cnt": 3.0, "pge_ICA_Analysis_Date": "Apr 2025", "pge_Feeder_Name": "ELK 1101", "pge_Substation": "ELK", "pge_Nominal_Voltage": "12", "pge_ResCust": 1317, "pge_ComCust": 177, "pge_IndCust": 25, "pge_AgrCust": 16, "pge_OthCust": 17, "pge_Existing_DG": 1024, "pge_Queued_DG": 1163, "pge_Total_DG": 2187, "pge_profile_min_load_kw": 873.0, "pge_profile_peak_load_kw": 2366.0, "pge_profile_min_midday_load_kw": 873.0, "fire_hazard": "Moderate", "solar_kwh_m2_day": 4.9243, "annual_mwh_per_mw": 1545.7377699999997, "LCP_CODE": "R", "GEN_PLAN": "RL160", "BASEZONE": "RL", "score_contiguous_land": 0.9785373106099747, "score_flat_fraction": 0.40707964601769914, "score_open_land_cover": 0.384070796460177, "score_undeveloped": 1.0, "score_industrial_reuse": 0.0, "score_distribution_proximity": 0.474345618073323, "score_residential_demand": 0.4824175824175824, "score_evening_peak_demand": 0.5171584699453552, "score_grid_hosting_capacity": 0.59, "score_solar_resource": 1.0, "score_transmission_proximity": 1.0, "score_low_highway_visibility": 0.08723093896297818}, "geometry": {"type": "MultiPolygon", "coordinates": [[[[-123.73253461000002, 39.15245705999997], [-123.73157779, 39.15246682000002], [-123.72765853000001, 39.15251915999995], [-123.72779772466636, 39.15432099574443], [-123.7276261713252, 39.15438290664016], [-123.72761139104065, 39.15438858110862], [-123.72760844135676, 39.154389841873886], [-123.72757176113836, 39.1544070813852], [-123.72756769972021, 39.15440927660076], [-123.72754810518859, 39.15442059109007], [-123.72744540923419, 39.1544846016823], [-123.72740850132459, 39.154497345724906], [-123.72685041602793, 39.15456824795331], [-123.72681513395892, 39.154574188571715], [-123.72680894392907, 39.15457554832618], [-123.72677975242168, 39.154582743596414], [-123.7267514756704, 39.15459198200199], [-123.72674612757851, 39.15459394636062], [-123.72671933510685, 39.15460503040447], [-123.72654995202137, 39.15468197352538], [-123.72652181433565, 39.15469625028678], [-123.72651652084255, 39.15469929353686], [-123.7264879865534, 39.15471718430725], [-123.72567692792862, 39.15528377703133], [-123.72473936374239, 39.15587250698979], [-123.7247210959826, 39.15588486106003], [-123.72471819167852, 39.15588702084174], [-123.72470390616053, 39.155897902589814], [-123.72443198242993, 39.156118578770936], [-123.72317690000001, 39.15611844999999], [-123.72300981312395, 39.14910735827125], [-123.7230243961411, 39.14910356903458], [-123.72519596452496, 39.149058986575945], [-123.72519490332719, 39.14907685800292], [-123.72519607699016, 39.14910005434247], [-123.72519666069459, 39.14910471897031], [-123.7252005231535, 39.14912837346675], [-123.72520702891975, 39.14915158703707], [-123.7252085338158, 39.1491561334807], [-123.72521753988065, 39.14917837020894], [-123.72522882390828, 39.14919981698026], [-123.72523136116614, 39.149204151796546], [-123.72524516369319, 39.149224981357584], [-123.72526123963729, 39.149244931051754], [-123.7252646798935, 39.149248788049654], [-123.72528301106101, 39.14926749824247], [-123.72530324574875, 39.14928488962875], [-123.72530758445492, 39.14928817889908], [-123.7253297226651, 39.14930425147701], [-123.72535363048101, 39.14931864914776], [-123.72535863620185, 39.1493213777588], [-123.72538396192223, 39.14933402121583], [-123.72541059437567, 39.14934500390225], [-123.72541602657647, 39.14934699910592], [-123.725443725229, 39.149356148272425], [-123.7254723652607, 39.149363287637584], [-123.72547822394003, 39.149364549433216], [-123.72550793016649, 39.14936985527677], [-123.72553823061455, 39.14937316192188], [-123.72554416406784, 39.14937361100494], [-123.72557458676516, 39.14937475277246], [-123.72560490937222, 39.14937391655009], [-123.72561091759731, 39.14937355292041], [-123.72564078385875, 39.149370569494835], [-123.725670323139, 39.1493657050578], [-123.7256760589804, 39.1493645393202], [-123.72570503074137, 39.14935762112399], [-123.72573309237815, 39.14934874968358], [-123.72573856038372, 39.149346871746815], [-123.72576560072507, 39.149336140504985], [-123.72579127716746, 39.149323649977106], [-123.72579624135047, 39.1493209770034], [-123.72582043817332, 39.1493067307244], [-123.72584293759184, 39.149291005491285], [-123.72584717561578, 39.14928772436814], [-123.72586763502493, 39.149270620694764], [-123.72588617469441, 39.149252224956086], [-123.72588969110919, 39.14924842559265], [-123.72590619077016, 39.149228651416045], [-123.72604820470481, 39.149041479448414], [-123.73088344848121, 39.14894203870633], [-123.73045642293661, 39.14921985619195], [-123.7299017624694, 39.14957485846428], [-123.72988473359548, 39.14958645508244], [-123.72933943272525, 39.1499844812576], [-123.72931904410082, 39.150000682897875], [-123.72931515790044, 39.15000404343557], [-123.72929734239962, 39.15002070667691], [-123.72928132187404, 39.15003848564679], [-123.72927815275243, 39.15004227449412], [-123.7292638160365, 39.15006126263944], [-123.72925149207214, 39.15008108971352], [-123.72924926691329, 39.150085209886264], [-123.72923896480872, 39.15010605570594], [-123.72923089323372, 39.15012746365436], [-123.72922948721197, 39.150131738875096], [-123.72922357143527, 39.15015452166472], [-123.72920706301484, 39.15023588902852], [-123.72917929349737, 39.150266543819896], [-123.72839831335439, 39.15033634494619], [-123.72836365490377, 39.150340826245476], [-123.7278808172155, 39.15042312095506], [-123.72785958668638, 39.15042728172412], [-123.72785534604316, 39.15042822176733], [-123.72781283108002, 39.150440056788234], [-123.72780872436422, 39.150441352925895], [-123.72777009449807, 39.15045667107915], [-123.72776635770025, 39.15045840614589], [-123.72774781674157, 39.15046761739028], [-123.72752081323905, 39.150587474826374], [-123.72750042333557, 39.15059908377207], [-123.7274963757812, 39.150601548706696], [-123.72747664185144, 39.150614668405666], [-123.72745824000607, 39.15062891800603], [-123.72745467808696, 39.1506318183341], [-123.72743794182779, 39.15064691750156], [-123.7274226397173, 39.15066287331036], [-123.72741967460131, 39.15066611558759], [-123.72740581574232, 39.150683107854526], [-123.72739361336863, 39.15070076987434], [-123.72739136077597, 39.15070435056464], [-123.72738103267152, 39.15072240553971], [-123.727350312333, 39.15078178514037], [-123.7269040431447, 39.15094319050767], [-123.72688835593824, 39.15094925280261], [-123.72688540637971, 39.1509505135486], [-123.72685008904006, 39.15096717093623], [-123.72684591206983, 39.150969369660785], [-123.72682609600429, 39.1509808709071], [-123.72653859170903, 39.15116029549172], [-123.72652009397851, 39.1511726568791], [-123.7265165183437, 39.1511752874555], [-123.72648269997616, 39.15120324490071], [-123.72647960542409, 39.15120622096657], [-123.72646495635676, 39.151221346269836], [-123.72607898916024, 39.15164915714354], [-123.72573908885191, 39.151853682815585], [-123.72526640990549, 39.151949163617196], [-123.72524143730632, 39.15195496901593], [-123.72523686302411, 39.151956189297515], [-123.7252032027511, 39.15196667235749], [-123.72463247058704, 39.15217212168228], [-123.72460735992914, 39.152182073341265], [-123.72460293773295, 39.15218400933272], [-123.72457037842608, 39.15220022162105], [-123.72432222109644, 39.152339718841056], [-123.72429906449021, 39.152353933037766], [-123.72429480347996, 39.15235676456894], [-123.72427411797003, 39.152371713730844], [-123.72425523651235, 39.15238795851224], [-123.7242514702257, 39.1523914052668], [-123.72423382785007, 39.15240923306118], [-123.7242182073279, 39.152428079684185], [-123.72421527383644, 39.15243195124504], [-123.72420178179361, 39.152451633346736], [-123.72419041823298, 39.15247215092809], [-123.72418830844153, 39.152476267479024], [-123.72417929116469, 39.15249734374821], [-123.72417237963305, 39.15251880595605], [-123.72417121381372, 39.15252325387252], [-123.72416664402205, 39.152545184860784], [-123.72416440232897, 39.15256731490439], [-123.72416427801421, 39.15257173101931], [-123.72416436896982, 39.15259415002698], [-123.72416688555917, 39.15261640492272], [-123.72416768702803, 39.15262079276973], [-123.72417251353083, 39.15264288708704], [-123.72417975202755, 39.152664547566665], [-123.72418147473383, 39.152668817237036], [-123.72419075531799, 39.15268960493674], [-123.72420232308053, 39.15270978251437], [-123.7242048422065, 39.1527137577243], [-123.72421870624665, 39.15273350499589], [-123.72423460328145, 39.15275219966878], [-123.72423791882828, 39.15275588041772], [-123.72425572404077, 39.15277334620724], [-123.72427521053157, 39.1527896800886], [-123.72427931340363, 39.15279288655892], [-123.72430058780154, 39.152807905180126], [-123.72432329838672, 39.1528215292333], [-123.72432794804116, 39.15282408867453], [-123.72435209026645, 39.15283622824945], [-123.72437742358623, 39.15284671059666], [-123.72438262002238, 39.15284862300807], [-123.72440891753854, 39.152857545101575], [-123.72443616560318, 39.15286463721642], [-123.7244416773733, 39.15286590966485], [-123.72446953336402, 39.152871272308936], [-123.72449787700613, 39.15287481910847], [-123.72450346811364, 39.15287536875266], [-123.72453229940552, 39.15287709970598], [-123.72456127117461, 39.15287702541561], [-123.72456693706917, 39.15287676234696], [-123.72459523924978, 39.15287490754885], [-123.7246230987381, 39.15287117526852], [-123.724628728243, 39.15287019292938], [-123.72465718654585, 39.15286455136013], [-123.72468485498206, 39.15285704291083], [-123.7246901009256, 39.15285535190327], [-123.72471607190077, 39.15284636447931], [-123.72474091948266, 39.15283579050426], [-123.72474590213555, 39.15283347720332], [-123.72477018674242, 39.152820939372766], [-123.7249871265986, 39.152698963366404], [-123.72549207061213, 39.15251722337487], [-123.72600731740265, 39.15241314752771], [-123.72602988722572, 39.15240795566219], [-123.72603434580031, 39.15240673888595], [-123.7260774609617, 39.15239299518734], [-123.72608166988816, 39.152391425846524], [-123.7261217847222, 39.152373361469415], [-123.72612573944956, 39.152371349655866], [-123.72614501378986, 39.15236058546074], [-123.72659266876389, 39.152091263958845], [-123.72661252807065, 39.15207832067586], [-123.72661645091176, 39.1520756794882], [-123.72663520044725, 39.15206141939886], [-123.72665262697285, 39.15204620920942], [-123.72665594389497, 39.152043046249766], [-123.7266717002437, 39.15202689656796], [-123.72705952400126, 39.15159686583839], [-123.72726861334876, 39.1514664809584], [-123.72780991835249, 39.15127065300444], [-123.7278327548263, 39.15126158060419], [-123.72783728805038, 39.151259551051176], [-123.72786003802051, 39.151248770388726], [-123.7278816782112, 39.1512366729313], [-123.72788572578759, 39.151234207983215], [-123.72790558463608, 39.151221264494325], [-123.72792399564798, 39.15120719463954], [-123.7279276687444, 39.15120420085179], [-123.72794497452725, 39.15118890411184], [-123.72796072585808, 39.15117266436094], [-123.72796379758594, 39.15116923871622], [-123.72797788329599, 39.151152149400076], [-123.72799030793996, 39.15113430042786], [-123.72799255596405, 39.15113062981761], [-123.72800320837386, 39.15111211463506], [-123.72804680331743, 39.15102775837229], [-123.72811644989841, 39.150990961232345], [-123.72850644491335, 39.150924470788105], [-123.72943707814869, 39.150841358514526], [-123.72946621865012, 39.150837766024516], [-123.7294719682093, 39.150836869832375], [-123.72950020302477, 39.150831414031856], [-123.72952777270166, 39.15082426766202], [-123.7295331341091, 39.150822572909064], [-123.72956037214045, 39.150813455628835], [-123.72958647304108, 39.15080248211834], [-123.72959157112409, 39.1508001650827], [-123.72961609023, 39.150787709129105], [-123.72963913870723, 39.15077367728756], [-123.72964350603101, 39.15077066221645], [-123.72966486610156, 39.150755331289005], [-123.72968441749278, 39.15073861490808], [-123.729688178886, 39.15073507808], [-123.72970615303556, 39.150716969168315], [-123.72988339758703, 39.15052091833256], [-123.72989738067315, 39.15050410206274], [-123.72990010057013, 39.150500597078896], [-123.7299126358028, 39.15048265446851], [-123.72992351451992, 39.1504640421371], [-123.72992552643373, 39.150460288662046], [-123.72993430397808, 39.150441380398455], [-123.7299413184, 39.15042198577019], [-123.72994262688658, 39.15041807371239], [-123.7299480367456, 39.150396747111046], [-123.72995807472972, 39.15034781449278], [-123.73039820116107, 39.150026481160545], [-123.73094354963604, 39.149677524499666], [-123.73094579565391, 39.1496761050796], [-123.73153325789245, 39.14929380045347], [-123.73170239405324, 39.14923747847537], [-123.73191169011481, 39.14923035400216], [-123.73193929640597, 39.1492285187486], [-123.7319448326043, 39.1492279891545], [-123.73197890261254, 39.14922334472853], [-123.73245067092397, 39.14914011156052], [-123.73247154911361, 39.14913587071101], [-123.73247578506555, 39.149134840599814], [-123.73249740945971, 39.149129316243936], [-123.73288653650118, 39.14901853460925], [-123.73312501557226, 39.148992685407634], [-123.7331456240301, 39.14898998350493], [-123.73314964676574, 39.148989320086365], [-123.73319013465073, 39.14898096701578], [-123.73319413915013, 39.148979943963816], [-123.73323316266723, 39.14896785370603], [-123.73323691749623, 39.14896647810495], [-123.73325543741103, 39.14895915764191], [-123.7334210630172, 39.14888886044169], [-123.73373768, 39.14888206999997], [-123.73395433, 39.14927313], [-123.73405759000002, 39.14959932], [-123.73418592999998, 39.150086929999965], [-123.73446307000002, 39.15153694000005], [-123.73454745, 39.15187363999998], [-123.73456268000001, 39.15220771999998], [-123.73442043000001, 39.15243453000006], [-123.73430972999999, 39.15251289999998], [-123.73396231, 39.152553679999954], [-123.73384700000001, 39.152730770000005], [-123.73385645, 39.15282928], [-123.7337289, 39.152938039999995], [-123.73348726, 39.153130699999984], [-123.73313884, 39.15341811999995], [-123.73299957962992, 39.15353979944028], [-123.73282627297229, 39.15353095366933], [-123.7325750147784, 39.15351828680047], [-123.73253461000002, 39.15245705999997]]], [[[-123.72793662, 39.15611886999994], [-123.72556349447264, 39.15611868379933], [-123.72616597779721, 39.15574032653861], [-123.72617976634245, 39.15573108065014], [-123.72696966826274, 39.15517926844488], [-123.72704410768796, 39.15514547720392], [-123.72758100362262, 39.155077202821495], [-123.72762179067249, 39.15507010322235], [-123.72762900861125, 39.15506844186999], [-123.72767356838202, 39.15505573405213], [-123.72780160549748, 39.15501147961277], [-123.72781855282764, 39.15500510855849], [-123.7278220766125, 39.15500374019461], [-123.72784948287617, 39.154990969002014], [-123.72793662, 39.15611886999994]]], [[[-123.73348005000001, 39.15414825999999], [-123.73382333000002, 39.15406285999998], [-123.73412878000002, 39.15417615], [-123.73418092, 39.15429321], [-123.73423678000002, 39.154418420000034], [-123.73398445000001, 39.15460576999999], [-123.73398798, 39.15489344000002], [-123.73382213, 39.15501920999996], [-123.73410939, 39.15611529], [-123.73267327, 39.15611073999999], [-123.73265394, 39.15574901], [-123.73259662629941, 39.15411452548476], [-123.73277669788128, 39.1541236340242], [-123.73301688594148, 39.15413573332121], [-123.7330193298412, 39.154135928665816], [-123.73302386134809, 39.154136150164256], [-123.73319537795847, 39.154144857958265], [-123.73324057905914, 39.15414482516557], [-123.73324728654431, 39.154144529814694], [-123.73328201487648, 39.15414139574406], [-123.73341187001431, 39.15412452017636], [-123.73348005000001, 39.15414825999999]]]]}}, {"type": "Feature", "properties": {"rank": 165.0, "eligible": true, "eligibility_reasons": "", "distribution_ready": true, "distribution_readiness_reasons": "", "apn": "1272600300", "site_apns": "1272600300", "site_type": "greenfield", "parcel_count": 1, "residential_zoning": false, "SITUS_ADD": "7001 S HWY 1", "SITUS_CTY": "ELK", "FID": 30920, "centroid_lon": -123.71238978461179, "centroid_lat": 39.12234849066139, "score": 0.4989846324408197, "gross_acres": 49.72377553604602, "screenable_acres": 45.386587124108246, "excluded_acres": 4.337188411937774, "wetland_exclusion_acres": 4.337188411936387, "protected_exclusion_acres": 0.0, "farmland_exclusion_acres": 0.0, "city_exclusion_acres": 0.0, "improvement_value": 37874.0, "improvement_value_per_acre": 761.6879368410828, "flat_fraction": 0.5414634146341464, "open_fraction": 0.47317073170731705, "contiguous_acres": 13.343690599226928, "mean_slope_deg": 10.98968745017025, "estimated_mw": 2.426125563495805, "reference_project_mw": 1.0, "reference_battery_mwh": 4.0, "reference_annual_mwh": 1545.7377699999997, "reference_average_kw": 176.4540833333333, "static_pv_export_limit_mw": 1.18, "reference_export_gap_mw": 0.0, "interconnection_path": "static_distribution", "screened_project_mw": 0.873, "screened_annual_mwh": 1349.4290732099998, "transmission_distance_m": 0.0, "transmission_Name": "PG&E 60kV", "transmission_kV": "60", "transmission_Owner": "PG&E", "transmission_Status": "Operational", "transmission_Type": "OH", "highway_1_side": "east", "highway_1_distance_m": 17.10428252907189, "highway_1_viewshed_exposure": 0.04446311317125887, "highway_1_visible_length_m": 3400.0, "highway_1_nearest_visible_distance_m": 81.85367164135897, "pge_distance_m": 534.3800781396094, "pge_FeederId": "042981101", "pge_FeederName": "ELK 1101", "pge_CSV_LineSection": "4435593", "pge_GenCapacity_kW": 820.0, "pge_GenericPVCapacity_kW": 1180.0, "pge_voltage_kv": 12, "pge_phase_cnt": 3.0, "pge_ICA_Analysis_Date": "Apr 2025", "pge_Feeder_Name": "ELK 1101", "pge_Substation": "ELK", "pge_Nominal_Voltage": "12", "pge_ResCust": 1317, "pge_ComCust": 177, "pge_IndCust": 25, "pge_AgrCust": 16, "pge_OthCust": 17, "pge_Existing_DG": 1024, "pge_Queued_DG": 1163, "pge_Total_DG": 2187, "pge_profile_min_load_kw": 873.0, "pge_profile_peak_load_kw": 2366.0, "pge_profile_min_midday_load_kw": 873.0, "fire_hazard": "Moderate", "solar_kwh_m2_day": 4.9243, "annual_mwh_per_mw": 1545.7377699999997, "LCP_CODE": "R", "GEN_PLAN": "RL160", "BASEZONE": "RL", "score_contiguous_land": 0.6671845299613464, "score_flat_fraction": 0.5414634146341464, "score_open_land_cover": 0.47317073170731705, "score_undeveloped": 0.9238312063158918, "score_industrial_reuse": 0.0, "score_distribution_proximity": 0.5860324719012381, "score_residential_demand": 0.4824175824175824, "score_evening_peak_demand": 0.5171584699453552, "score_grid_hosting_capacity": 0.59, "score_solar_resource": 1.0, "score_transmission_proximity": 1.0, "score_low_highway_visibility": 0.0}, "geometry": {"type": "MultiPolygon", "coordinates": [[[[-123.70924820000002, 39.123743899999965], [-123.70924781894236, 39.12368253330172], [-123.70955294341073, 39.123938355467125], [-123.70977537202181, 39.12422896040874], [-123.70956784000002, 39.12422447000002], [-123.70958041, 39.12410027000002], [-123.70948074, 39.12391437000002], [-123.70924820000002, 39.123743899999965]]], [[[-123.70923029999999, 39.120861119999994], [-123.71446057219694, 39.120691921938864], [-123.71447290377728, 39.1207342064739], [-123.71447863263442, 39.120751320728004], [-123.71448917191924, 39.12077882378152], [-123.71450345578897, 39.12080936434985], [-123.71451657627995, 39.120832916788395], [-123.71452943600741, 39.120853595704425], [-123.71454456386967, 39.12087330505578], [-123.71456046518017, 39.12089227047359], [-123.71458091626525, 39.12091415882454], [-123.71460405737598, 39.120934254340966], [-123.71463494401107, 39.12095861614979], [-123.7146564658071, 39.12097416865819], [-123.71467965470035, 39.12098831968082], [-123.71471803527977, 39.121009661716315], [-123.71474253065861, 39.121022152095044], [-123.71476833704263, 39.12103307174388], [-123.71478852991393, 39.121040650642804], [-123.7148122247465, 39.1210487531545], [-123.71483654560654, 39.12105548589887], [-123.71486070998453, 39.121061412993996], [-123.71490480877569, 39.12106979422694], [-123.71497736557733, 39.12107964948382], [-123.71498450331046, 39.121081052812116], [-123.71507342668016, 39.12110301571791], [-123.7151117803434, 39.12111463350334], [-123.71512763438166, 39.12112117396701], [-123.71513334769524, 39.12112649266456], [-123.71514461100344, 39.121138485723684], [-123.71515324332127, 39.12114884808432], [-123.71515613057757, 39.121153262394465], [-123.71518992003874, 39.12123057262978], [-123.7151993438423, 39.12124973536387], [-123.7152115823522, 39.121271873883785], [-123.71522570340265, 39.12129458535661], [-123.71523881519272, 39.12131336556567], [-123.71525591204316, 39.12133535603185], [-123.71529305888322, 39.121378166414345], [-123.71531360331853, 39.12139960158326], [-123.71535117897476, 39.12143483502958], [-123.71536210216763, 39.12144467733629], [-123.71540131774299, 39.121477969830146], [-123.71541917684087, 39.121492103056454], [-123.71544276066983, 39.12150948356252], [-123.71548189700002, 39.12153431413507], [-123.71550524500826, 39.121547019430814], [-123.7155388517438, 39.121563284052776], [-123.71557473344906, 39.12157641777349], [-123.7155968658066, 39.12158339716393], [-123.71562541016544, 39.12159117163997], [-123.71565478921251, 39.12159711975298], [-123.71568464231459, 39.12160098235567], [-123.7157215425013, 39.121604450083375], [-123.71575639911278, 39.12160644930297], [-123.71579134646215, 39.12160565432428], [-123.71582980261326, 39.12160322161329], [-123.715867487602, 39.12159928161366], [-123.71590443545193, 39.121592212462645], [-123.71593682662446, 39.12158438172474], [-123.7159709778609, 39.121574696414285], [-123.71597925524141, 39.12157155273943], [-123.71600728, 39.12191916000002], [-123.71586761000002, 39.122484189999994], [-123.71520245000002, 39.123260170000044], [-123.71251754, 39.12428825999999], [-123.71070239143067, 39.12424901418168], [-123.7105751023328, 39.12411237555284], [-123.71018889875562, 39.12360762612804], [-123.71017042834143, 39.12358594689809], [-123.71016650924473, 39.123581743963285], [-123.71014121629246, 39.12355802120144], [-123.70960716263401, 39.123110266003934], [-123.70953545210637, 39.12303212710143], [-123.7094300838775, 39.122858483206535], [-123.7094200372871, 39.12284303087626], [-123.70941792134906, 39.122840123745476], [-123.70940146314244, 39.12281928365394], [-123.70924131719539, 39.122635456383634], [-123.70923029999999, 39.120861119999994]]]]}}]}