rank,eligible,eligibility_reasons,distribution_ready,distribution_readiness_reasons,apn,site_apns,site_type,parcel_count,residential_zoning,SITUS_ADD,SITUS_CTY,FID,centroid_lon,centroid_lat,score,gross_acres,screenable_acres,excluded_acres,wetland_exclusion_acres,protected_exclusion_acres,farmland_exclusion_acres,city_exclusion_acres,improvement_value,improvement_value_per_acre,flat_fraction,open_fraction,contiguous_acres,mean_slope_deg,estimated_mw,reference_project_mw,reference_battery_mwh,reference_annual_mwh,reference_average_kw,static_pv_export_limit_mw,reference_export_gap_mw,interconnection_path,screened_project_mw,screened_annual_mwh,transmission_distance_m,transmission_Name,transmission_kV,transmission_Owner,transmission_Status,transmission_Type,highway_1_side,highway_1_distance_m,highway_1_viewshed_exposure,highway_1_visible_length_m,highway_1_nearest_visible_distance_m,pge_distance_m,pge_FeederId,pge_FeederName,pge_CSV_LineSection,pge_GenCapacity_kW,pge_GenericPVCapacity_kW,pge_voltage_kv,pge_phase_cnt,pge_ICA_Analysis_Date,pge_Feeder_Name,pge_Substation,pge_Nominal_Voltage,pge_ResCust,pge_ComCust,pge_IndCust,pge_AgrCust,pge_OthCust,pge_Existing_DG,pge_Queued_DG,pge_Total_DG,pge_profile_min_load_kw,pge_profile_peak_load_kw,pge_profile_min_midday_load_kw,fire_hazard,solar_kwh_m2_day,annual_mwh_per_mw,LCP_CODE,GEN_PLAN,BASEZONE,score_contiguous_land,score_flat_fraction,score_open_land_cover,score_undeveloped,score_industrial_reuse,score_distribution_proximity,score_residential_demand,score_evening_peak_demand,score_grid_hosting_capacity,score_solar_resource,score_transmission_proximity,score_low_highway_visibility
1,True,,False,insufficient_static_pv_ica,"0172613300,0172613400,0172613500","0172613300,0172613400,0172613500",industrial_assemblage,3,False,32600 HOLQUIST LN,FORT BRAGG,"43835,57340,57343",-123.8057611961366,39.38512736269699,0.8521849021086265,35.96619664941646,21.584206841901334,14.381989807515126,14.381989807514428,0.0,0.0,0.0,74896.0,2082.3997802729905,1.0,0.6979166666666666,11.342137009342888,2.5464303277759757,2.062206728971434,1.0,4.0,1545.7377699999997,176.4540833333333,0.26,0.74,controlled_export_or_distribution_upgrade,0.26,401.8918201999999,322.8000339786598,PG&E 60kV,60,PG&E,Operational,OH,east,428.8350181113726,0.0,0.0,,445.809745735998,042761102,FORT BRAGG A 1102,4670503,190.0,260.0,12,3.0,May 2026,FORT BRAGG A 1102,FORT BRAGG A,12,2730,272,37,11,27,2555,2892,5447,1146.0,3840.0,1146.0,High,4.9243,1545.7377699999997,R,I,I,0.5671068504671444,1.0,0.6979166666666666,0.791760021972701,1.0,0.6403055813410268,1.0,0.839344262295082,0.13,1.0,0.72411863901465,1.0
2,True,,False,insufficient_static_pv_ica,0151305600,0151305600,greenfield,1,False,29901 N HWY 1,WESTPORT,7997,-123.7567920141605,39.555833336972256,0.8068167447244985,38.27789516438118,26.624087460123697,11.653807704257481,11.653807704256675,0.0,0.0,0.0,0.0,0.0,0.7272727272727273,0.8181818181818182,17.346797778995008,7.521223862488281,3.153963232544547,1.0,4.0,1545.7377699999997,176.4540833333333,0.139,0.861,controlled_export_or_distribution_upgrade,0.139,214.85755002999997,13617.346899157226,PG&E 60kV,60,PG&E,Operational,OH,east,413.0790127400473,0.0073075094554665735,2100.0,436.22100404502555,0.0,042761101,FORT BRAGG A 1101,4096791,97.0,139.0,12,3.0,May 2026,FORT BRAGG A 1101,FORT BRAGG A,12,2136,484,66,3,25,1684,2188,3872,1706.0,4575.0,1901.0,High,4.9243,1545.7377699999997,R,RL160,RL,0.8673398889497503,0.7272727272727273,0.8181818181818182,1.0,0.0,1.0,0.7824175824175824,1.0,0.0695,1.0,1.2191619040782116e-06,0.8173122636133356
3,True,,False,insufficient_static_pv_ica,0692100400,0692100400,greenfield,1,False,25901 N HWY 1,FORT BRAGG,61769,-123.76669132049705,39.498270772802044,0.7938814896852135,81.08119203904512,68.56704774192141,12.514144297123707,12.51414429712684,0.0,0.0,0.0,16703.0,206.00338475483406,0.9411764705882353,0.3790849673202614,14.678059659149621,5.116513962220327,2.668738119845386,1.0,4.0,1545.7377699999997,176.4540833333333,0.227,0.773,controlled_export_or_distribution_upgrade,0.227,350.88247378999995,7103.361522887836,PG&E 60kV,60,PG&E,Operational,OH,east,203.24291684399432,0.0005550526616420775,100.0,545.6327944350512,308.9693196662058,042761101,FORT BRAGG A 1101,4587834,151.0,227.0,12,3.0,May 2026,FORT BRAGG A 1101,FORT BRAGG A,12,2136,484,66,3,25,1684,2188,3872,1706.0,4575.0,1901.0,High,4.9243,1545.7377699999997,R,RL160,RL,0.733902982957481,0.9411764705882353,0.3790849673202614,0.9793996615245166,0.0,0.7342032952828925,0.7824175824175824,1.0,0.1135,1.0,0.0008223359707375217,0.9861236834589481
4,True,,False,insufficient_static_pv_ica,1180300900,1180300900,greenfield,1,True,16000 HARRIS LN,CASPAR,24299,-123.80199964091456,39.36907670285918,0.789982275997954,35.50771986864629,21.09728985003443,14.410430018611862,14.175334215668329,0.2352079195046348,0.0,0.0,0.0,0.0,1.0,0.5544554455445545,12.009321539304235,2.7323221905187083,2.1835130071462245,1.0,4.0,1545.7377699999997,176.4540833333333,0.319,0.681,controlled_export_or_transmission_study,0.319,493.09034862999994,6.1516524589638815,PG&E 60kV,60,PG&E,Operational,OH,east,463.01169526128064,0.0,0.0,,801.8953538075859,042761102,FORT BRAGG A 1102,4488344,229.0,319.0,12,3.0,Oct 2025,FORT BRAGG A 1102,FORT BRAGG A,12,2730,272,37,11,27,2555,2892,5447,1146.0,3840.0,1146.0,Moderate,4.9243,1545.7377699999997,R,RMR20,RMR,0.6004660769652117,1.0,0.5544554455445545,1.0,0.0,0.44847813332162534,1.0,0.839344262295082,0.1595,1.0,0.9938672302152998,1.0
5,True,,False,insufficient_static_pv_ica,0151407500,0151407500,greenfield,1,False,28800 CAMP 2 TEN MILE RD,FORT BRAGG,7353,-123.72732188221671,39.557220048746224,0.7832691615841711,236.96634229356687,192.2156893226685,44.75065297089836,44.75065297090225,0.0,0.0,0.0,192637.0,812.9297947357888,0.28004667444574094,0.24737456242707118,16.67961324903366,20.132475751208943,3.0326569543697564,1.0,4.0,1545.7377699999997,176.4540833333333,0.139,0.861,controlled_export_or_distribution_upgrade,0.139,214.85755002999997,13866.335724485378,PG&E 60kV,60,PG&E,Operational,OH,east,2369.824634103386,0.0,0.0,,0.0,042761101,FORT BRAGG A 1101,5219044,97.0,139.0,12,3.0,May 2026,FORT BRAGG A 1101,FORT BRAGG A,12,2136,484,66,3,25,1684,2188,3872,1706.0,4575.0,1901.0,Moderate,4.9243,1545.7377699999997,R,FL160,TP,0.833980662451683,0.28004667444574094,0.24737456242707118,0.9187070205264212,0.0,1.0,0.7824175824175824,1.0,0.0695,1.0,9.504448255826266e-07,1.0
6,True,,False,insufficient_static_pv_ica,1180600900,1180600900,greenfield,1,True,44800 FERN CREEK RD,CASPAR,23462,-123.80574033587847,39.36625122151411,0.7759351452268093,18.39876360553915,17.50567980899508,0.8930837965440688,0.8930837965453323,0.0,0.0,0.0,27078.0,1471.729328151587,1.0,0.8421052631578947,14.233269972508722,1.4577654592486144,2.5878672677288588,1.0,4.0,1545.7377699999997,176.4540833333333,0.319,0.681,controlled_export_or_transmission_study,0.319,493.09034862999994,1.456113421006884,PG&E 60kV,60,PG&E,Operational,OH,east,138.27591250113062,0.008571708082990109,400.0,342.44507014590255,492.32481092453935,042761102,FORT BRAGG A 1102,4456041,229.0,319.0,12,3.0,Oct 2025,FORT BRAGG A 1102,FORT BRAGG A,12,2730,272,37,11,27,2555,2892,5447,1146.0,3840.0,1146.0,Moderate,4.9243,1545.7377699999997,R,RMR20,RMR,0.7116634986254361,1.0,0.8421052631578947,0.8528270671848412,0.0,0.6112038079133334,1.0,0.839344262295082,0.1595,1.0,0.9985449461977698,0.7857072979252473
7,True,,False,insufficient_static_pv_ica,1181405800,1181405800,greenfield,1,True,13911 POINT CABRILLO DR,MENDOCINO,24520,-123.81046706863154,39.352307697913794,0.7654226436573686,28.558092585366182,22.732098712616466,5.8259938727497165,5.825993872750602,0.0,0.0,0.0,110751.0,3878.0951377947185,1.0,0.9807692307692307,22.684274018685777,1.8221041392082356,4.124413457942868,1.0,4.0,1545.7377699999997,176.4540833333333,0.319,0.681,controlled_export_or_transmission_study,0.319,493.09034862999994,81.55771981040341,PG&E 60kV,60,PG&E,Operational,OH,west,18.88009972953973,0.021680928381266423,700.0,46.0803334305323,7.753449414210188,042761102,FORT BRAGG A 1102,3330975,229.0,319.0,12,3.0,Oct 2025,FORT BRAGG A 1102,FORT BRAGG A,12,2730,272,37,11,27,2555,2892,5447,1146.0,3840.0,1146.0,Moderate,4.9243,1545.7377699999997,R,RR10PD,RR,1.0,1.0,0.9807692307692307,0.6121904862205281,0.0,0.9922765310406809,1.0,0.839344262295082,0.1595,1.0,0.9216795091520138,0.4579767904683394
8,True,,False,insufficient_static_pv_ica,0690201400,0690201400,greenfield,1,False,NONE, ,8827,-123.74603353340078,39.53519397273677,0.7624613384040355,46.17155580875486,21.92305163720013,24.248504171554732,24.248504171555332,0.0,0.0,0.0,0.0,0.0,0.73,0.61,11.342137009342888,6.129961838240704,2.062206728971434,1.0,4.0,1545.7377699999997,176.4540833333333,0.139,0.861,controlled_export_or_distribution_upgrade,0.139,214.85755002999997,11593.783841926297,PG&E 60kV,60,PG&E,Operational,OH,east,627.0461419182699,0.0,0.0,,589.3786027563104,042761101,FORT BRAGG A 1101,3194911,97.0,139.0,12,3.0,May 2026,FORT BRAGG A 1101,FORT BRAGG A,12,2136,484,66,3,25,1684,2188,3872,1706.0,4575.0,1901.0,Moderate,4.9243,1545.7377699999997,R,RL160,RL,0.5671068504671444,0.73,0.61,1.0,0.0,0.5546718492259682,0.7824175824175824,1.0,0.0695,1.0,9.2232430457098e-06,1.0
9,True,,False,insufficient_static_pv_ica,1181504500,1181504500,greenfield,1,True,13911 POINT CABRILLO DR,MENDOCINO,53964,-123.80571438526584,39.35194152525032,0.7623438741658474,46.69412239732415,39.08989505834986,7.60422733897429,7.604227338975008,0.0,0.0,0.0,0.0,0.0,0.9244186046511628,0.5174418604651163,18.6811668389177,4.312261654129663,3.3965757888941273,1.0,4.0,1545.7377699999997,176.4540833333333,0.319,0.681,controlled_export_or_transmission_study,0.319,493.09034862999994,0.0,PG&E 60kV,60,PG&E,Operational,OH,east,38.3088678224262,0.02052992767013174,500.0,67.63839783004721,344.3229604573066,042761102,FORT BRAGG A 1102,3369386,229.0,319.0,12,3.0,Oct 2025,FORT BRAGG A 1102,FORT BRAGG A,12,2730,272,37,11,27,2555,2892,5447,1146.0,3840.0,1146.0,High,4.9243,1545.7377699999997,R,RR10PD,RR,0.934058341945885,0.9244186046511628,0.5174418604651163,1.0,0.0,0.7087000090065991,1.0,0.839344262295082,0.1595,1.0,1.0,0.4867518082467065
10,True,,False,insufficient_static_pv_ica,1180901200,1180901200,greenfield,1,True,44661 CASPAR ORCHARD RD,CASPAR,24109,-123.8057719452791,39.36347109081693,0.7606315602683452,30.236103035313672,29.129360084127455,1.1067429511862166,1.1067429511855071,0.0,0.0,0.0,0.0,0.0,1.0,0.8721804511278195,25.797801825172062,2.479578312673893,4.690509422758557,1.0,4.0,1545.7377699999997,176.4540833333333,0.319,0.681,controlled_export_or_transmission_study,0.319,493.09034862999994,2.732441838649983,PG&E 60kV,60,PG&E,Operational,OH,east,58.3859096482875,0.025086431642534563,600.0,119.35778804909599,448.58523843062045,042761102,FORT BRAGG A 1102,4456041,229.0,319.0,12,3.0,Oct 2025,FORT BRAGG A 1102,FORT BRAGG A,12,2730,272,37,11,27,2555,2892,5447,1146.0,3840.0,1146.0,Moderate,4.9243,1545.7377699999997,R,RR10,RR,1.0,1.0,0.8721804511278195,1.0,0.0,0.6385308818496876,1.0,0.839344262295082,0.1595,1.0,0.9972712878826953,0.3728392089366359
11,True,,True,,0691421100,0691421100,greenfield,1,True,25100 N HWY 1,FORT BRAGG,61732,-123.7769638136477,39.50062723888964,0.7581924189981609,39.38815340687613,29.34603451407874,10.042118892797387,10.042143347568226,8.443189040868315e-05,0.0,0.0,21751.0,552.2218768499782,0.9375,0.96875,25.797801825172062,5.126667218409326,4.690509422758557,1.0,4.0,1545.7377699999997,176.4540833333333,0.649,0.351,controlled_export_or_distribution_upgrade,0.649,1003.1838127299999,7281.834853568505,PG&E 60kV,60,PG&E,Operational,OH,east,8.217112732590621,0.014452678099367048,2100.0,36.892873528708996,971.1763845218859,042761101,FORT BRAGG A 1101,3637370,418.0,649.0,12,3.0,May 2026,FORT BRAGG A 1101,FORT BRAGG A,12,2136,484,66,3,25,1684,2188,3872,1706.0,4575.0,1901.0,High,4.9243,1545.7377699999997,R,RMR40,RMR,1.0,0.9375,0.96875,0.9447778123150021,0.0,0.3786373528848588,0.7824175824175824,1.0,0.3245,1.0,0.0006879221685289062,0.6386830475158238
12,True,,True,,0691420200,0691420200,greenfield,1,True,24950 N HWY 1,FORT BRAGG,15270,-123.77957199047314,39.500569326690446,0.7579882740418352,12.054736724334264,12.054736724334264,0.0,0.0,0.0,0.0,0.0,0.0,0.0,1.0,0.9516129032258065,13.121295755906479,4.514709773216939,2.3856901374375417,1.0,4.0,1545.7377699999997,176.4540833333333,0.649,0.351,controlled_export_or_distribution_upgrade,0.649,1003.1838127299999,7241.404637365967,PG&E 60kV,60,PG&E,Operational,OH,west,6.525920177053245,0.007890208375273416,1400.0,101.30298331278253,924.5209657453686,042761101,FORT BRAGG A 1101,3637370,418.0,649.0,12,3.0,May 2026,FORT BRAGG A 1101,FORT BRAGG A,12,2136,484,66,3,25,1684,2188,3872,1706.0,4575.0,1901.0,High,4.9243,1545.7377699999997,R,RMR40,RMR,0.656064787795324,1.0,0.9516129032258065,1.0,0.0,0.39672141671182226,0.7824175824175824,1.0,0.3245,1.0,0.0007163049045070619,0.8027447906181646
13,True,,False,insufficient_static_pv_ica,1180503000,1180503000,greenfield,1,True,15101 CASPAR RD,CASPAR,58533,-123.81253837163808,39.36647951493556,0.7564646121869006,23.05020078323936,21.30036292615128,1.7498378570880817,1.7498378570872684,0.0,0.0,0.0,0.0,0.0,1.0,0.7653061224489796,16.67961324903366,3.0094950105378055,3.0326569543697564,1.0,4.0,1545.7377699999997,176.4540833333333,0.319,0.681,controlled_export_or_distribution_upgrade,0.319,493.09034862999994,185.64196770365987,PG&E 60kV,60,PG&E,Operational,OH,west,10.462375675154428,0.028064534024198434,900.0,30.46882611173208,5.53310741816199,042761102,FORT BRAGG A 1102,3843127,229.0,319.0,12,3.0,Oct 2025,FORT BRAGG A 1102,FORT BRAGG A,12,2730,272,37,11,27,2555,2892,5447,1146.0,3840.0,1146.0,Moderate,4.9243,1545.7377699999997,R,RMR20,RMR,0.833980662451683,1.0,0.7653061224489796,1.0,0.0,0.9944821720267626,1.0,0.839344262295082,0.1595,1.0,0.8305709129652787,0.2983866493950392
14,True,,False,insufficient_static_pv_ica,1181405700,1181405700,greenfield,1,True,14011 POINT CABRILLO DR,MENDOCINO,15543,-123.81060117389536,39.35477050214436,0.7476127437601825,10.916746730119044,10.916722313822207,2.4416296836804463e-05,0.0,2.4416296723755424e-05,0.0,0.0,0.0,0.0,1.0,1.0,10.674952479381542,1.1918546361099598,1.9409004507966439,1.0,4.0,1545.7377699999997,176.4540833333333,0.319,0.681,controlled_export_or_transmission_study,0.319,493.09034862999994,98.79293348436204,PG&E 60kV,60,PG&E,Operational,OH,west,41.18652867400932,0.02458198628764122,1000.0,184.8834412686492,1.5506364852631824,042761102,FORT BRAGG A 1102,3330975,229.0,319.0,12,3.0,Oct 2025,FORT BRAGG A 1102,FORT BRAGG A,12,2730,272,37,11,27,2555,2892,5447,1146.0,3840.0,1146.0,Moderate,4.9243,1545.7377699999997,R,RR10PD,RR,0.533747623969077,1.0,1.0,1.0,0.0,0.9984505651303216,1.0,0.839344262295082,0.1595,1.0,0.9059302764290613,0.3854503428089695
15,True,,False,insufficient_static_pv_ica,0151306600,0151306600,greenfield,1,False,NONE, ,61447,-123.76137661463032,39.56652846837441,0.7352524537771703,43.252569112216435,25.052198330491652,18.200370781724782,18.20037078172283,0.0,0.0,0.0,0.0,0.0,0.6666666666666666,0.8240740740740741,13.566085442547378,8.622049530674476,2.4665609895540688,1.0,4.0,1545.7377699999997,176.4540833333333,0.139,0.861,controlled_export_or_distribution_upgrade,0.139,214.85755002999997,14623.019149353875,PG&E 60kV,60,PG&E,Operational,OH,east,149.55901110557406,0.01458484506572259,1500.0,440.6467139660541,330.54047308801,042761101,FORT BRAGG A 1101,4070839,97.0,139.0,12,3.0,May 2026,FORT BRAGG A 1101,FORT BRAGG A,12,2136,484,66,3,25,1684,2188,3872,1706.0,4575.0,1901.0,Moderate,4.9243,1545.7377699999997,R,RL160,RL,0.6783042721273689,0.6666666666666666,0.8240740740740741,1.0,0.0,0.7185352794855825,0.7824175824175824,1.0,0.0695,1.0,4.459677712298337e-07,0.6353788733569352
16,True,,False,insufficient_static_pv_ica,0153303400,0153303400,greenfield,1,False,NONE, ,14388,-123.7653061369498,39.57275967673316,0.7326724023012882,56.25945608738126,52.93450427062734,3.3249518167539165,3.324951816752848,0.0,0.0,0.0,0.0,0.0,0.5933609958506224,0.6846473029045643,25.797801825172062,11.029059079963039,4.690509422758557,1.0,4.0,1545.7377699999997,176.4540833333333,0.139,0.861,controlled_export_or_distribution_upgrade,0.139,214.85755002999997,15281.326900600707,PG&E 60kV,60,PG&E,Operational,OH,east,305.654295815101,0.026596594026560092,2200.0,427.49556796272753,56.23514940091127,042761101,FORT BRAGG A 1101,4070839,97.0,139.0,12,3.0,May 2026,FORT BRAGG A 1101,FORT BRAGG A,12,2136,484,66,3,25,1684,2188,3872,1706.0,4575.0,1901.0,High,4.9243,1545.7377699999997,R,RL160,RL,1.0,0.5933609958506224,0.6846473029045643,1.0,0.0,0.9453168190689116,0.7824175824175824,1.0,0.0695,1.0,2.3088942963655282e-07,0.33508514933599776
17,True,,False,insufficient_static_pv_ica,0690521100,0690521100,greenfield,1,True,27051 N HWY 1,FORT BRAGG,4358,-123.75692282109436,39.52440041081305,0.7325854876112557,41.477354665680316,32.971241926419474,8.506112739260843,8.506112739262838,0.0,0.0,0.0,92993.0,2242.0185845879264,0.8472222222222222,0.5277777777777778,16.67961324903366,5.821679461345208,3.0326569543697564,1.0,4.0,1545.7377699999997,176.4540833333333,0.139,0.861,controlled_export_or_distribution_upgrade,0.139,214.85755002999997,10276.908036960147,PG&E 60kV,60,PG&E,Operational,OH,east,11.107525028269079,0.01928459830686409,1000.0,85.33340024936686,10.640799996822292,042761101,FORT BRAGG A 1101,3910846,97.0,139.0,12,3.0,May 2026,FORT BRAGG A 1101,FORT BRAGG A,12,2136,484,66,3,25,1684,2188,3872,1706.0,4575.0,1901.0,Moderate,4.9243,1545.7377699999997,R,RR10,RR,0.833980662451683,0.8472222222222222,0.5277777777777778,0.7757981415412074,0.0,0.9894156130448626,0.7824175824175824,1.0,0.0695,1.0,3.441878603560589e-05,0.5178850423283978
18,True,,False,insufficient_static_pv_ica,0151306700,0151306700,greenfield,1,False,NONE, ,14088,-123.75935698845691,39.561724048053705,0.7282583536556375,122.26203007244587,82.05910233721636,40.20292773522951,40.20292773522859,0.0,0.0,0.0,4251.0,34.76958461659018,0.5896739130434783,0.6902173913043478,18.45877199559725,10.587680787055524,3.3561403628358635,1.0,4.0,1545.7377699999997,176.4540833333333,0.139,0.861,controlled_export_or_distribution_upgrade,0.139,214.85755002999997,14142.850011509998,PG&E 60kV,60,PG&E,Operational,OH,east,8.308817288994497,0.020196651725056445,1200.0,216.3832291054182,369.5685007041299,042761101,FORT BRAGG A 1101,4450987,97.0,139.0,12,3.0,May 2026,FORT BRAGG A 1101,FORT BRAGG A,12,2136,484,66,3,25,1684,2188,3872,1706.0,4575.0,1901.0,High,4.9243,1545.7377699999997, ,FL160,FL,0.9229385997798625,0.5896739130434783,0.6902173913043478,0.996523041538341,0.0,0.6910324463283878,0.7824175824175824,1.0,0.0695,1.0,7.208390101333473e-07,0.49508370687358894
19,True,,False,insufficient_static_pv_ica,1273000600,1273000600,greenfield,1,False,NONE, ,34038,-123.70740919520235,39.115509752901474,0.727420752852956,64.93875672954722,48.80588937100555,16.132867358541674,16.13286735854168,0.0,0.0,0.0,0.0,0.0,0.7031963470319634,0.7442922374429224,23.351458548647123,8.276192034382488,4.245719736117659,1.0,4.0,1545.7377699999997,176.4540833333333,0.0,1.0,controlled_export_or_transmission_study,0.0,0.0,0.0,PG&E 60kV,60,PG&E,Operational,OH,east,10.469231228515692,0.0,0.0,,0.0,042981101,ELK 1101,3115816,0.0,0.0,12,3.0,May 2026,ELK 1101,ELK,12,1317,177,25,16,17,1024,1163,2187,873.0,2366.0,873.0,Moderate,4.9243,1545.7377699999997,R,RL160,RL,1.0,0.7031963470319634,0.7442922374429224,1.0,0.0,1.0,0.4824175824175824,0.5171584699453552,0.0,1.0,1.0,1.0
20,True,,False,insufficient_static_pv_ica,1233701200,1233701200,greenfield,1,False,NONE, ,48177,-123.75617100096815,39.206062383946936,0.7136636978764707,128.94342984755227,118.97129952118686,9.972130326365402,9.972130326365209,0.0,0.0,0.0,0.0,0.0,0.5317164179104478,0.5764925373134329,56.93307989003489,12.431867844992512,10.351469070915435,1.0,4.0,1545.7377699999997,176.4540833333333,0.45,0.55,controlled_export_or_distribution_upgrade,0.45,695.5819965,203.375496323936,PG&E 60kV,60,PG&E,Operational,OH,west,290.6003332762611,0.0007490094430360088,500.0,1079.2750680432541,0.0,042981101,ELK 1101,3641610,320.0,450.0,12,3.0,Apr 2025,ELK 1101,ELK,12,1317,177,25,16,17,1024,1163,2187,873.0,2366.0,873.0,Moderate,4.9243,1545.7377699999997,R,RL160,RL,1.0,0.5317164179104478,0.5764925373134329,1.0,0.0,1.0,0.4824175824175824,0.5171584699453552,0.225,1.0,0.8159717894860348,0.9812747639240997
21,True,,False,insufficient_static_pv_ica,0153800200,0153800200,greenfield,1,True,32500 N HWY 1,WESTPORT,14303,-123.777205755175,39.58685619192341,0.7075381125157171,37.4567877271422,23.342200463643174,14.114587263499025,14.114587263499555,0.0,0.0,0.0,0.0,0.0,0.9238095238095239,0.9809523809523809,19.348351368879044,5.632369029354662,3.5178820670689173,1.0,4.0,1545.7377699999997,176.4540833333333,0.136,0.864,controlled_export_or_distribution_upgrade,0.136,210.22033671999998,16775.679090393776,PG&E 60kV,60,PG&E,Operational,OH,crosses,0.0,0.07722717801215881,2100.0,37.52029580253377,17.267041683236553,042761101,FORT BRAGG A 1101,4346361,92.0,136.0,12,3.0,May 2026,FORT BRAGG A 1101,FORT BRAGG A,12,2136,484,66,3,25,1684,2188,3872,1706.0,4575.0,1901.0,High,4.9243,1545.7377699999997,R,RMR20PD,RMR,0.9674175684439522,0.9238095238095239,0.9809523809523809,1.0,0.0,0.9828811793419889,0.7824175824175824,1.0,0.068,1.0,5.181018474059021e-08,0.0
22,True,,False,insufficient_static_pv_ica,0153505500,0153505500,greenfield,1,False,32901 N HWY 1,FORT BRAGG,13550,-123.76062674553381,39.55649500828791,0.7060336639090152,60.74606305517539,43.51796617327195,17.22809688190344,17.228085515058385,5.456050597060516e-06,0.0,0.0,96665.0,1591.296540686095,0.6911764705882353,0.803921568627451,18.45877199559725,8.261778787669854,3.3561403628358635,1.0,4.0,1545.7377699999997,176.4540833333333,0.139,0.861,controlled_export_or_distribution_upgrade,0.139,214.85755002999997,13594.260825250505,PG&E 60kV,60,PG&E,Operational,OH,east,10.719441612441642,0.030826807176935547,3300.0,21.59202361396474,0.0,042761101,FORT BRAGG A 1101,4450987,97.0,139.0,12,3.0,May 2026,FORT BRAGG A 1101,FORT BRAGG A,12,2136,484,66,3,25,1684,2188,3872,1706.0,4575.0,1901.0,High,4.9243,1545.7377699999997,R,RL160,RL,0.9229385997798625,0.6911764705882353,0.803921568627451,0.8408703459313904,0.0,1.0,0.7824175824175824,1.0,0.0695,1.0,1.2476349669281195e-06,0.22932982057661133
23,True,,False,insufficient_static_pv_ica,1311002100,1311002100,greenfield,1,False,13801 S HWY 1,ELK,53822,-123.67526362384422,39.04279460866089,0.7034441140867393,122.36443075487719,107.94606718861286,14.418363566264333,14.418363566264528,0.0,0.0,0.0,0.0,0.0,0.6257796257796258,0.83991683991684,54.486736613509954,10.63799054235141,9.906679384274538,1.0,4.0,1545.7377699999997,176.4540833333333,0.4,0.6,controlled_export_or_transmission_study,0.4,618.2951079999999,0.0,PG&E 60kV,60,PG&E,Operational,OH,east,235.54610762959737,0.001056292074428421,1100.0,1788.615311457845,339.21128060708753,042981101,ELK 1101,4185824,290.0,400.0,12,3.0,Apr 2025,ELK 1101,ELK,12,1317,177,25,16,17,1024,1163,2187,873.0,2366.0,873.0,Moderate,4.9243,1545.7377699999997,R,AG60,AG,1.0,0.6257796257796258,0.83991683991684,1.0,0.0,0.7123319312661174,0.4824175824175824,0.5171584699453552,0.2,1.0,1.0,0.9735926981392895
24,True,,False,insufficient_static_pv_ica,1233801000,1233801000,greenfield,1,True,33401 NAVARRO RIDGE RD,ALBION,53011,-123.75898832610187,39.20244011479623,0.7031087126339246,22.636878182096154,18.115822781794215,4.52105540030194,4.521055400301908,0.0,0.0,0.0,31535.0,1393.0807837690934,1.0,0.8658536585365854,15.567639032431416,1.9647701696782085,2.8304798240784392,1.0,4.0,1545.7377699999997,176.4540833333333,0.45,0.55,controlled_export_or_distribution_upgrade,0.45,695.5819965,1017.4829579564025,PG&E 60kV,60,PG&E,Operational,OH,west,318.7247287458689,0.001255322228245643,600.0,1029.5702001055934,1.4264122061937838,042981101,ELK 1101,3641610,320.0,450.0,12,3.0,Apr 2025,ELK 1101,ELK,12,1317,177,25,16,17,1024,1163,2187,873.0,2366.0,873.0,Moderate,4.9243,1545.7377699999997,R,RR10,RR,0.7783819516215708,1.0,0.8658536585365854,0.8606919216230906,0.0,0.998574604636161,0.4824175824175824,0.5171584699453552,0.225,1.0,0.36150371603192916,0.9686169442938589
25,True,,False,insufficient_static_pv_ica,1261500200,1261500200,greenfield,1,False,NONE, ,31080,-123.74769747077404,39.182102035328285,0.702404772565356,155.4238509265601,140.88448903394766,14.539361892612447,14.539361892613906,0.0,0.0,0.0,4332.0,27.872170031657042,0.5536277602523659,0.5741324921135647,17.569192622315455,10.728976782582029,3.19439865860281,1.0,4.0,1545.7377699999997,176.4540833333333,0.0,1.0,controlled_export_or_transmission_study,0.0,0.0,0.0,PG&E 60kV,60,PG&E,Operational,OH,crosses,0.0,0.0,0.0,,0.0,042981101,ELK 1101,3558974,0.0,0.0,12,3.0,May 2026,ELK 1101,ELK,12,1317,177,25,16,17,1024,1163,2187,873.0,2366.0,873.0,Moderate,4.9243,1545.7377699999997,R,RL160,RL,0.8784596311157727,0.5536277602523659,0.5741324921135647,0.9972127829968342,0.0,1.0,0.4824175824175824,0.5171584699453552,0.0,1.0,1.0,1.0
26,True,,False,insufficient_static_pv_ica,1330100500,1330100500,greenfield,1,False,44601 KINNEY RD,MANCHESTER,34396,-123.70618964097699,38.97798033680183,0.6987533587391324,83.91254694513721,26.94314301933722,56.96940392579999,14.956744027258612,0.00013097205636501954,46.2057051593764,0.0,0.0,0.0,1.0,0.984,26.909776041774304,0.8740489737367366,4.892686553049874,1.0,4.0,1460.8278200000002,166.7611666666667,0.0,1.0,controlled_export_or_distribution_upgrade,0.0,0.0,2116.4284246969623,PG&E 60kV,60,PG&E,Operational,OH,west,1535.8766979298596,0.009799229655259676,2700.0,1552.465566370924,16.524439917564724,042981101,ELK 1101,4069188,0.0,0.0,12,3.0,May 2026,ELK 1101,ELK,12,1317,177,25,16,17,1024,1163,2187,873.0,2366.0,873.0,Moderate,4.6538,1460.8278200000002,R,AG60,AG,1.0,1.0,0.984,1.0,0.0,0.9836113397168513,0.4824175824175824,0.5171584699453552,0.0,0.9450683345856266,0.12046109699441494,0.755019258618508
27,True,,False,insufficient_static_pv_ica,1261200800,1261200800,greenfield,1,False,NONE, ,30678,-123.74362018340022,39.186475081692706,0.697972417961889,34.832734699846256,34.832734699846256,0.0,0.0,0.0,0.0,0.0,0.0,0.0,0.9934640522875817,0.7058823529411765,24.01864307860847,4.563607936638126,4.367026014292449,1.0,4.0,1545.7377699999997,176.4540833333333,0.0,1.0,controlled_export_or_transmission_study,0.0,0.0,26.70564140955007,PG&E 60kV,60,PG&E,Operational,OH,east,736.5402739928925,0.0,0.0,,758.9104948693392,042981101,ELK 1101,3558974,0.0,0.0,12,3.0,May 2026,ELK 1101,ELK,12,1317,177,25,16,17,1024,1163,2187,873.0,2366.0,873.0,Moderate,4.9243,1545.7377699999997,R,RL160,RL,1.0,0.9934640522875817,0.7058823529411765,1.0,0.0,0.46817622964744005,0.4824175824175824,0.5171584699453552,0.0,1.0,0.9736478009409343,1.0
28,True,,False,insufficient_static_pv_ica,1310101600,1310101600,greenfield,1,False,NONE, ,25215,-123.70006756328442,39.10955511120287,0.6911110342365934,194.541349275795,149.26705593130072,45.27429334449428,45.27429334449137,0.0,0.0,0.0,17532.0,90.11965870117128,0.4799405646359584,0.6433878157503715,65.16168909289149,15.195133926038515,11.84757983507118,1.0,4.0,1545.7377699999997,176.4540833333333,0.0,1.0,controlled_export_or_distribution_upgrade,0.0,0.0,114.9679719809438,PG&E 60kV,60,PG&E,Operational,OH,crosses,0.0,0.00413646039634901,1000.0,563.5400428257761,59.495534437592276,042981101,ELK 1101,4603602,0.0,0.0,12,3.0,May 2026,ELK 1101,ELK,12,1317,177,25,16,17,1024,1163,2187,873.0,2366.0,873.0,High,4.9243,1545.7377699999997,R,RL160,RL,1.0,0.4799405646359584,0.6433878157503715,0.9909880341298829,0.0,0.9422397412122028,0.4824175824175824,0.5171584699453552,0.0,1.0,0.8913946930558584,0.8965884900912747
29,True,,False,insufficient_static_pv_ica,1322300100,1322300100,greenfield,1,False,17801 S HWY 1,MANCHESTER,32655,-123.68186951317375,38.99346503880903,0.6862027184341979,88.60375586711983,45.220322695585274,43.383433171534556,43.38343317153479,0.0,0.0,0.0,19176.0,216.4242340782764,0.729064039408867,0.7241379310344828,15.122849345790518,7.57670566231156,2.7496089719619126,1.0,4.0,1460.8278200000002,166.7611666666667,0.0,1.0,controlled_export_or_transmission_study,0.0,0.0,0.0,PG&E 60kV,60,PG&E,Operational,OH,east,44.44449791849838,0.003069754041203651,800.0,580.2738736065647,0.0,042981101,ELK 1101,5044836,0.0,0.0,12,3.0,May 2026,ELK 1101,ELK,12,1317,177,25,16,17,1024,1163,2187,873.0,2366.0,873.0,Moderate,4.6538,1460.8278200000002,R,RL160,RL,0.7561424672895259,0.729064039408867,0.7241379310344828,0.9783575765921724,0.0,1.0,0.4824175824175824,0.5171584699453552,0.0,0.9450683345856266,1.0,0.9232561489699087
30,True,,True,,0691710500,0691710500,greenfield,1,True,23400 N HWY 1,FORT BRAGG,8658,-123.79943850310808,39.47959107958291,0.6855688348008917,18.09399064670693,18.09399064670693,0.0,0.0,0.0,0.0,0.0,0.0,0.0,1.0,0.7875,14.010875129188275,1.3350430996779807,2.5474318416705954,1.0,4.0,1545.7377699999997,176.4540833333333,0.683,0.31699999999999995,controlled_export_or_distribution_upgrade,0.683,1055.73889691,4896.953257280315,PG&E 60kV,60,PG&E,Operational,OH,west,10.100440895244567,0.05356650525084265,4600.0,106.14367582804728,2.5287832635801513,042761101,FORT BRAGG A 1101,3338370,464.0,683.0,12,3.0,May 2026,FORT BRAGG A 1101,FORT BRAGG A,12,2136,484,66,3,25,1684,2188,3872,1706.0,4575.0,1901.0,High,4.9243,1545.7377699999997,U,RR5(2),RR,0.7005437564594137,1.0,0.7875,1.0,0.0,0.997474411415366,0.7824175824175824,1.0,0.3415,1.0,0.007469305490788859,0.0
31,True,,False,insufficient_static_pv_ica,1322301500,1322301500,greenfield,1,False,17825 S HWY 1,MANCHESTER,39186,-123.68062873426601,38.99004524862135,0.6850016028488664,85.21878620646669,48.93476751895951,36.28401868750718,36.28401868750748,0.0,0.0,0.0,119268.0,1399.5505604954221,0.9272727272727272,0.9,30.02330384826059,5.56426038120548,5.458782517865561,1.0,4.0,1460.8278200000002,166.7611666666667,0.0,1.0,controlled_export_or_transmission_study,0.0,0.0,0.0,PG&E 60kV,60,PG&E,Operational,OH,east,5.172943001788236,0.010787594589034595,3200.0,96.8118914700863,0.0,042981101,ELK 1101,3543288,0.0,0.0,12,3.0,May 2026,ELK 1101,ELK,12,1317,177,25,16,17,1024,1163,2187,873.0,2366.0,873.0,Moderate,4.6538,1460.8278200000002,R,RL160,RL,1.0,0.9272727272727272,0.9,0.8600449439504578,0.0,1.0,0.4824175824175824,0.5171584699453552,0.0,0.9450683345856266,1.0,0.7303101352741351
32,True,,False,insufficient_static_pv_ica,1231800200,1231800200,greenfield,1,False,NONE, ,28916,-123.76334486575989,39.22190357439484,0.6833415045425251,34.42213820476807,30.14413224684261,4.278005957925458,4.2780059579249965,0.0,0.0,0.0,0.0,0.0,0.9782608695652174,0.9057971014492754,27.132170885094755,4.332332359948481,4.9331219791081375,1.0,4.0,1545.7377699999997,176.4540833333333,0.38,0.62,controlled_export_or_transmission_study,0.38,587.3803525999999,0.0,PG&E 60kV,60,PG&E,Operational,OH,east,277.093917126091,0.01440260227992622,1700.0,384.7860371456699,169.42302873574437,042981101,ELK 1101,4089499,280.0,380.0,12,3.0,Apr 2025,ELK 1101,ELK,12,1317,177,25,16,17,1024,1163,2187,873.0,2366.0,873.0,Moderate,4.9243,1545.7377699999997,R,RL160,RL,1.0,0.9782608695652174,0.9057971014492754,1.0,0.0,0.8441517274054883,0.4824175824175824,0.5171584699453552,0.19,1.0,1.0,0.6399349430018445
33,True,,False,insufficient_static_pv_ica,1300400300,1300400300,greenfield,1,False,35375 CLIFF RIDGE RD,ELK,34870,-123.70013470368868,39.11678962142468,0.6828338320557823,140.06199056228164,112.05707574620136,28.004914816080273,28.00491481607999,0.0,0.0,0.0,11546.0,82.43492723220878,0.5694444444444444,0.628968253968254,38.91909758107854,10.039741861705327,7.076199560196098,1.0,4.0,1545.7377699999997,176.4540833333333,0.0,1.0,controlled_export_or_distribution_upgrade,0.0,0.0,475.69123994146213,PG&E 60kV,60,PG&E,Operational,OH,east,685.6523886530722,0.0,0.0,,466.60561351327664,042981101,ELK 1101,3570913,0.0,0.0,12,3.0,May 2026,ELK 1101,ELK,12,1317,177,25,16,17,1024,1163,2187,873.0,2366.0,873.0,Moderate,4.9243,1545.7377699999997,R,RL160,RL,1.0,0.5694444444444444,0.628968253968254,0.9917565072767791,0.0,0.6271273722079257,0.4824175824175824,0.5171584699453552,0.0,1.0,0.6214553332130414,1.0
34,True,,False,insufficient_static_pv_ica,1233500305,1233500305,greenfield,1,False,NONE, ,28253,-123.75667882913133,39.21495891406903,0.6806623264227317,74.25589801079683,71.17090621916095,3.084991791635872,3.084991791634702,0.0,0.0,0.0,0.0,0.0,0.7774294670846394,0.5642633228840125,38.25191305111719,7.592416038641706,6.954893282021308,1.0,4.0,1545.7377699999997,176.4540833333333,0.38,0.62,controlled_export_or_transmission_study,0.38,587.3803525999999,0.0,PG&E 60kV,60,PG&E,Operational,OH,east,549.6732151531795,0.0,0.0,,943.8294335800938,042981101,ELK 1101,4089499,280.0,380.0,12,3.0,Apr 2025,ELK 1101,ELK,12,1317,177,25,16,17,1024,1163,2187,873.0,2366.0,873.0,Moderate,4.9243,1545.7377699999997,R,RL160,RL,1.0,0.7774294670846394,0.5642633228840125,1.0,0.0,0.38913481254886473,0.4824175824175824,0.5171584699453552,0.19,1.0,1.0,1.0
35,True,,False,insufficient_static_pv_ica,1322200700,1322200700,greenfield,1,False,NONE, ,38977,-123.68368891213714,39.003626922981894,0.6765777666679357,60.16388932502428,56.35330646758115,3.81058285744313,3.8105828574413483,0.0,0.0,0.0,0.0,0.0,0.8549019607843137,0.9019607843137255,44.03417897744886,4.658665596174926,8.006214359536157,1.0,4.0,1545.7377699999997,176.4540833333333,0.0,1.0,controlled_export_or_transmission_study,0.0,0.0,14.842132894402562,PG&E 60kV,60,PG&E,Operational,OH,east,180.4947877322175,0.016802932790735945,3600.0,613.8979763370658,0.0,042981101,ELK 1101,3745190,0.0,0.0,12,3.0,May 2026,ELK 1101,ELK,12,1317,177,25,16,17,1024,1163,2187,873.0,2366.0,873.0,Moderate,4.9243,1545.7377699999997,R,RL160,RL,1.0,0.8549019607843137,0.9019607843137255,1.0,0.0,1.0,0.4824175824175824,0.5171584699453552,0.0,1.0,0.9852674686497945,0.5799266802316014
36,True,,False,insufficient_static_pv_ica,0153303300,0153303300,greenfield,1,False,NONE, ,61450,-123.76994638431111,39.57304299912927,0.670745628764656,54.86769008138106,24.109551026892426,30.758139054488637,30.758139054491412,0.0,0.0,0.0,0.0,0.0,0.9903846153846154,0.8942307692307693,11.564531852663338,3.6624333636499378,2.102642155029698,1.0,4.0,1545.7377699999997,176.4540833333333,0.139,0.861,controlled_export_or_distribution_upgrade,0.139,214.85755002999997,15214.536683935134,PG&E 60kV,60,PG&E,Operational,OH,east,6.036080961409348,0.04263101445563411,1500.0,32.363697406176875,0.0,042761101,FORT BRAGG A 1101,4897557,92.0,139.0,12,3.0,May 2026,FORT BRAGG A 1101,FORT BRAGG A,12,2136,484,66,3,25,1684,2188,3872,1706.0,4575.0,1901.0,Moderate,4.9243,1545.7377699999997,R,RL160,RL,0.5782265926331669,0.9903846153846154,0.8942307692307693,1.0,0.0,1.0,0.7824175824175824,1.0,0.0695,1.0,2.468372352984813e-07,0.0
37,True,,False,insufficient_static_pv_ica,1231402400,1231402400,greenfield,1,True,3500 N HWY 1,ALBION,29625,-123.77314267233122,39.224279382114375,0.6635374204318573,63.93800427561756,38.786446967110116,25.151557308507442,25.15155697491515,0.0019650102286506163,0.0,0.0,0.0,0.0,0.6627906976744186,0.9069767441860465,22.46187917536533,8.733813361054306,4.083978031884605,1.0,4.0,1545.7377699999997,176.4540833333333,0.38,0.62,controlled_export_or_distribution_upgrade,0.38,587.3803525999999,488.98491469124383,PG&E 60kV,60,PG&E,Operational,OH,crosses,0.0,0.014814873436352904,1800.0,120.07635477099262,149.6650653428606,042981101,ELK 1101,4089499,280.0,380.0,12,3.0,Apr 2025,ELK 1101,ELK,12,1317,177,25,16,17,1024,1163,2187,873.0,2366.0,873.0,Moderate,4.9243,1545.7377699999997,R,RMR40,RMR,1.0,0.6627906976744186,0.9069767441860465,1.0,0.0,0.8609963056390667,0.4824175824175824,0.5171584699453552,0.19,1.0,0.6132485779682934,0.6296281640911774
38,True,,False,insufficient_static_pv_ica,1322300800,1322300800,greenfield,1,False,18001 S HWY 1,MANCHESTER,35616,-123.67545445059105,38.991665463008566,0.6624388389849101,31.759237679647235,27.094146746064347,4.6650909335828885,4.665090933582701,0.0,0.0,0.0,65383.0,2058.708104379357,0.7398373983739838,0.8211382113821138,15.790033875751865,10.776408111472463,2.8709152501367026,1.0,4.0,1460.8278200000002,166.7611666666667,0.0,1.0,controlled_export_or_transmission_study,0.0,0.0,0.0,PG&E 60kV,60,PG&E,Operational,OH,east,678.3721238257709,0.004582558900241305,1700.0,863.6541035702069,84.09683113558464,042981101,ELK 1101,5130486,0.0,0.0,12,3.0,May 2026,ELK 1101,ELK,12,1317,177,25,16,17,1024,1163,2187,873.0,2366.0,873.0,Moderate,4.6538,1460.8278200000002, ,RL160,RL,0.7895016937875933,0.7398373983739838,0.8211382113821138,0.7941291895620644,0.0,0.9193422308327831,0.4824175824175824,0.5171584699453552,0.0,0.9450683345856266,1.0,0.8854360274939674
39,True,,False,insufficient_static_pv_ica,0153701300,0153701300,greenfield,1,False,32600 N HWY 1,WESTPORT,13097,-123.77907581959784,39.589118949961744,0.6591820022031146,21.879658614853852,14.786406439918956,7.0932521749348965,7.093252174934424,0.0,0.0,0.0,42520.0,1943.3575609417258,0.9545454545454546,0.9545454545454546,13.566085442547378,4.965595440570806,2.4665609895540688,1.0,4.0,1545.7377699999997,176.4540833333333,0.136,0.864,controlled_export_or_distribution_upgrade,0.136,210.22033671999998,17120.20207631339,PG&E 60kV,60,PG&E,Operational,OH,crosses,0.0,0.06854725338192708,2000.0,39.49359815983549,26.925501140392843,042761101,FORT BRAGG A 1101,3454472,92.0,136.0,12,3.0,May 2026,FORT BRAGG A 1101,FORT BRAGG A,12,2136,484,66,3,25,1684,2188,3872,1706.0,4575.0,1901.0,High,4.9243,1545.7377699999997,R,AG60,AG,0.6783042721273689,0.9545454545454546,0.9545454545454546,0.8056642439058275,0.0,0.9734337585279996,0.7824175824175824,1.0,0.068,1.0,3.6710534616185077e-08,0.0
40,True,,True,,1272900100,1272900100,greenfield,1,False,7351 S HWY 1,ELK,35526,-123.70951945513231,39.11883383817152,0.6588744216428957,88.79733479657905,74.10092216289624,14.696412633682812,14.696412633682115,0.0,0.0,0.0,18092.0,203.74485384551204,0.5987841945288754,0.513677811550152,16.45721840571321,10.56632206304286,2.9922215283114926,1.0,4.0,1545.7377699999997,176.4540833333333,1.18,0.0,static_distribution,0.873,1349.4290732099998,0.0,PG&E 60kV,60,PG&E,Operational,OH,east,10.079902558422008,7.955332379905467e-05,300.0,3380.382768519445,921.2281927847852,042981101,ELK 1101,4435593,820.0,1180.0,12,3.0,Apr 2025,ELK 1101,ELK,12,1317,177,25,16,17,1024,1163,2187,873.0,2366.0,873.0,Moderate,4.9243,1545.7377699999997,R,RL160,RL,0.8228609202856605,0.5987841945288754,0.513677811550152,0.9796255146154488,0.0,0.3980298833251595,0.4824175824175824,0.5171584699453552,0.59,1.0,1.0,0.9980111669050237
41,True,,False,insufficient_static_pv_ica,1330102900,1330102900,greenfield,1,False,KINNEY RD,MANCHESTER,34397,-123.69984633787179,38.977278592081895,0.6581520183285843,153.80369842645229,133.04528789956112,20.75841052689117,20.665198204432333,0.0,1.3752724621324,0.0,0.0,0.0,1.0,0.945273631840796,126.76506069265582,1.057196917798158,23.04819285321015,1.0,4.0,1460.8278200000002,166.7611666666667,0.0,1.0,controlled_export_or_distribution_upgrade,0.0,0.0,1293.820351969946,PG&E 60kV,60,PG&E,Operational,OH,west,731.4531589762746,0.021076094401671488,3200.0,928.4025112799027,0.0,042981101,ELK 1101,5098644,0.0,0.0,12,3.0,May 2026,ELK 1101,ELK,12,1317,177,25,16,17,1024,1163,2187,873.0,2366.0,873.0,Moderate,4.6538,1460.8278200000002, ,AG 60,AG,1.0,1.0,0.945273631840796,1.0,0.0,1.0,0.4824175824175824,0.5171584699453552,0.0,0.9450683345856266,0.27422115805645264,0.47309763995821286
42,True,,False,insufficient_static_pv_ica,1331101600,1331101600,greenfield,1,False,42610 MOUNTAIN VIEW RD,MANCHESTER,39367,-123.66969281416199,38.95672765409902,0.6579413839144983,38.9972173255354,33.83535060012349,5.161866725411912,5.16186672541169,0.0,0.0,0.0,0.0,0.0,0.9605263157894737,0.9605263157894737,31.58006775150373,3.7580401369362764,5.741830500273405,1.0,4.0,1460.8278200000002,166.7611666666667,0.018,0.982,controlled_export_or_distribution_upgrade,0.018,26.29490076,516.4881320462908,PG&E 60kV,60,PG&E,Operational,OH,east,1199.8455809593622,0.001244318310364004,1800.0,3484.221927010665,68.89809753445255,043381101,POINT ARENA 1101,3099438,12.0,18.0,12,3.0,Mar 2026,POINT ARENA 1101,POINT ARENA,12,713,162,15,24,17,382,687,1069,576.0,1344.0,581.0,Moderate,4.6538,1460.8278200000002,R,RL160,RL,1.0,0.9605263157894737,0.9605263157894737,1.0,0.0,0.9334217932141123,0.2611721611721612,0.2937704918032787,0.009,0.9450683345856266,0.5966120961012341,0.9688920422408999
43,True,,False,insufficient_static_pv_ica,0270110200,0270110200,greenfield,1,False,NONE, ,37129,-123.72544373872584,38.93435721702496,0.657117021782275,119.95210718934263,68.35121278620453,51.6008944031381,51.60085774569831,3.6657436598950046e-05,0.0,0.0,0.0,0.0,1.0,0.8552631578947368,35.36078008795136,1.6691589602535841,6.429232743263884,1.0,4.0,1460.8278200000002,166.7611666666667,0.196,0.804,controlled_export_or_distribution_upgrade,0.196,286.32225272000005,3887.510105498601,PG&E 60kV,60,PG&E,Operational,OH,west,1211.6665805862795,0.0,0.0,,73.26238379688965,043381101,POINT ARENA 1101,4952220,106.0,196.0,12,3.0,Mar 2026,POINT ARENA 1101,POINT ARENA,12,713,162,15,24,17,382,687,1069,576.0,1344.0,581.0,Moderate,4.6538,1460.8278200000002,R,AG60,AG,1.0,1.0,0.8552631578947368,1.0,0.0,0.9293569498269242,0.2611721611721612,0.2937704918032787,0.098,0.9450683345856266,0.020496316221473788,1.0
44,True,,False,insufficient_static_pv_ica,1234101100,1234101100,greenfield,1,False,32500 NAVARRO RIDGE RD,ALBION,28132,-123.73887586649252,39.201240043198055,0.6568384175446434,95.81055885137125,88.98612895135285,6.824429900018401,6.8244299000200925,0.0,0.0,0.0,32207.0,336.1529291355245,0.5231143552311436,0.4233576642335766,32.91443681142642,12.29344818190059,5.984443056622985,1.0,4.0,1545.7377699999997,176.4540833333333,0.0,1.0,controlled_export_or_transmission_study,0.0,0.0,23.218012303985745,PG&E 60kV,60,PG&E,Operational,OH,east,341.4964844613318,0.0,0.0,,927.5780619131506,042981101,ELK 1101,3319370,0.0,0.0,12,3.0,May 2026,ELK 1101,ELK,12,1317,177,25,16,17,1024,1163,2187,873.0,2366.0,873.0,Moderate,4.9243,1545.7377699999997, ,FL160,FL,1.0,0.5231143552311436,0.4233576642335766,0.9663847070864475,0.0,0.39551045314827243,0.4824175824175824,0.5171584699453552,0.0,1.0,0.9770494517502357,1.0
45,True,,False,insufficient_static_pv_ica,0272211701,0272211701,greenfield,1,False,24000 PINE REEF,POINT ARENA,30022,-123.6836213763679,38.914001812527225,0.6550626146614374,65.9396235998493,60.942993125569465,4.996630474279833,4.9966304742800345,0.0,0.0,0.0,0.0,0.0,1.0,0.8884758364312267,53.15236755358726,1.1503260586444866,9.664066827924957,1.0,4.0,1460.8278200000002,166.7611666666667,0.42,0.5800000000000001,controlled_export_or_distribution_upgrade,0.42,613.5476844000001,115.6521182733104,PG&E 60kV,60,PG&E,Operational,OH,east,552.3268119022956,0.0030013863660169303,700.0,902.3581564578407,110.79078889059682,043381101,POINT ARENA 1101,3321373,300.0,420.0,12,3.0,Feb 2025,POINT ARENA 1101,POINT ARENA,12,713,162,15,24,17,382,687,1069,576.0,1344.0,581.0,Moderate,4.6538,1460.8278200000002,R,RL160,RL,1.0,1.0,0.8884758364312267,1.0,0.0,0.8951259996443243,0.2611721611721612,0.2937704918032787,0.21,0.9450683345856266,0.8907850572453873,0.9249653408495767
46,True,,False,insufficient_static_pv_ica,1210303000,1210303000,greenfield,1,True,6004 ALBION LITTLE RIVER RD,LITTLE RIVER,29674,-123.75894668962893,39.2471925079561,0.6414875716991087,37.52584868143706,37.28766262796953,0.23818605346752975,0.23818605346682611,0.0,0.0,0.0,115218.0,3070.3636039814596,0.8975903614457831,0.4578313253012048,16.90200809235411,3.8712882540735842,3.0730923804280197,1.0,4.0,1545.7377699999997,176.4540833333333,0.0,1.0,controlled_export_or_distribution_upgrade,0.0,0.0,598.9691186119464,PG&E 60kV,60,PG&E,Operational,OH,east,973.8607255993604,0.0,0.0,,606.0349625734412,042981101,ELK 1101,4005231,0.0,0.0,12,3.0,May 2026,ELK 1101,ELK,12,1317,177,25,16,17,1024,1163,2187,873.0,2366.0,873.0,Moderate,4.9243,1545.7377699999997,R,RMR40,RMR,0.8451004046177054,0.8975903614457831,0.4578313253012048,0.692963639601854,0.0,0.5455095524080901,0.4824175824175824,0.5171584699453552,0.0,1.0,0.5493776875110289,1.0
47,True,,False,insufficient_static_pv_ica,1330301800,1330301800,greenfield,1,False,45000 STORNETTA DR,POINT ARENA,35758,-123.71539312196666,38.94901031721962,0.6387154887741398,201.7487001064706,60.30742387646749,141.44127623000313,56.29986000510978,2.4186199098994983e-05,105.97538796463989,0.0,290060.0,1437.7292138532941,0.9520295202952029,0.8154981549815498,20.682720428801737,2.7931950151346823,3.7604946234184977,1.0,4.0,1460.8278200000002,166.7611666666667,0.156,0.844,controlled_export_or_distribution_upgrade,0.156,227.88913992000002,2531.943510014369,PG&E 60kV,60,PG&E,Operational,OH,west,749.5383021851551,0.00014555007662836095,100.0,1964.9369495001722,74.29904561055316,043381101,POINT ARENA 1101,4611667,93.0,156.0,12,3.0,Mar 2026,POINT ARENA 1101,POINT ARENA,12,713,162,15,24,17,382,687,1069,576.0,1344.0,581.0,Moderate,4.6538,1460.8278200000002,R,AG60,AG,1.0,0.9520295202952029,0.8154981549815498,0.8562270786146706,0.0,0.9283940201682148,0.2611721611721612,0.2937704918032787,0.078,0.9450683345856266,0.07950435253008836,0.9963612480842909
48,True,,False,insufficient_static_pv_ica,1331401600,1331401600,greenfield,1,False,42600 MOUNTAIN VIEW RD,MANCHESTER,38116,-123.66615041016021,38.956444021329276,0.6384165568564807,20.54767164350429,20.54767164350429,0.0,0.0,0.0,0.0,0.0,51049.0,2484.417742588273,1.0,0.9375,20.01553589884039,3.6484592267830487,3.6391883452437073,1.0,4.0,1460.8278200000002,166.7611666666667,0.018,0.982,controlled_export_or_distribution_upgrade,0.018,26.29490076,903.5676195332381,PG&E 60kV,60,PG&E,Operational,OH,east,1596.599565843809,0.0007697594202381899,1400.0,4031.989537755506,14.53630920165304,043381101,POINT ARENA 1101,4826063,12.0,18.0,12,3.0,Mar 2026,POINT ARENA 1101,POINT ARENA,12,713,162,15,24,17,382,687,1069,576.0,1344.0,581.0,Moderate,4.6538,1460.8278200000002, ,RL160,RL,1.0,1.0,0.9375,0.7515582257411727,0.0,0.9855688328652127,0.2611721611721612,0.2937704918032787,0.009,0.9450683345856266,0.4051217581975298,0.9807560144940453
49,True,,False,insufficient_static_pv_ica,0270510600,0270510600,greenfield,1,False,NONE, ,38421,-123.68855478261209,38.92372973584441,0.6369231087358161,39.14703217478808,36.380841667523235,2.766190507264845,2.766190507265779,0.0,0.0,0.0,0.0,0.0,0.8695652173913043,0.9503105590062112,30.912883221542383,4.479378647519141,5.620524222098616,1.0,4.0,1460.8278200000002,166.7611666666667,0.263,0.737,controlled_export_or_distribution_upgrade,0.263,384.1977166600001,625.0031254106025,PG&E 60kV,60,PG&E,Operational,OH,east,1155.6014377482297,0.0,0.0,,430.6420482666821,043381101,POINT ARENA 1101,4757317,135.0,263.0,12,3.0,Mar 2026,POINT ARENA 1101,POINT ARENA,12,713,162,15,24,17,382,687,1069,576.0,1344.0,581.0,Moderate,4.6538,1460.8278200000002,R,RL160,RL,1.0,0.8695652173913043,0.9503105590062112,1.0,0.0,0.6500915705362716,0.2611721611721612,0.2937704918032787,0.1315,0.9450683345856266,0.5352597556098607,1.0
50,True,,False,insufficient_static_pv_ica,1331501700,1331501700,greenfield,1,False,NONE, ,39880,-123.66993144500908,38.95437996570731,0.6358593450526262,16.31876701562024,16.31876701562024,0.0,0.0,0.0,0.0,0.0,0.0,0.0,0.935064935064935,0.922077922077922,14.678059659149621,4.058684276321879,2.668738119845386,1.0,4.0,1460.8278200000002,166.7611666666667,0.018,0.982,controlled_export_or_distribution_upgrade,0.018,26.29490076,468.8199540368604,PG&E 60kV,60,PG&E,Operational,OH,east,1212.0017707723955,0.000887879441586938,1400.0,3925.1611743662133,0.0,043381101,POINT ARENA 1101,3099438,12.0,18.0,12,3.0,Mar 2026,POINT ARENA 1101,POINT ARENA,12,713,162,15,24,17,382,687,1069,576.0,1344.0,581.0,Moderate,4.6538,1460.8278200000002,R,RL160,RL,0.733902982957481,0.935064935064935,0.922077922077922,1.0,0.0,1.0,0.2611721611721612,0.2937704918032787,0.009,0.9450683345856266,0.625740235018039,0.9778030139603265
51,True,,False,insufficient_static_pv_ica,1181603200,1181603200,greenfield,1,True,13451 POINT CABRILLO DR,MENDOCINO,48961,-123.81076878746683,39.3449866104098,0.6344910615029187,13.906003136486321,13.906003136486321,0.0,0.0,0.0,0.0,0.0,48433.0,3482.8843000130187,1.0,0.953125,13.566085442547378,2.8697671706601757,2.4665609895540688,1.0,4.0,1545.7377699999997,176.4540833333333,0.354,0.646,controlled_export_or_distribution_upgrade,0.354,547.1911705799998,147.01600933979324,PG&E 60kV,60,PG&E,Operational,OH,west,6.1622080377738255,0.05092946644201356,1300.0,22.479612587320748,544.1272744808391,042761102,FORT BRAGG A 1102,4157616,252.0,354.0,12,3.0,Oct 2025,FORT BRAGG A 1102,FORT BRAGG A,12,2730,272,37,11,27,2555,2892,5447,1146.0,3840.0,1146.0,High,4.9243,1545.7377699999997,R,RR10PD,RR,0.6783042721273689,1.0,0.953125,0.6517115699986982,0.0,0.5803480469436931,1.0,0.839344262295082,0.177,1.0,0.8632801567603235,0.0
52,True,,False,insufficient_static_pv_ica,1233700300,1233700300,greenfield,1,False,2335 N HWY 1,ALBION,26555,-123.76519401273043,39.209456087960376,0.633215824684701,102.00727117991039,93.59913572256909,8.408135457341302,8.40813545734075,0.0,0.0,0.0,91909.0,901.0043983815619,0.6423529411764706,0.7105882352941176,51.37320880702367,9.109561169073984,9.34058341945885,1.0,4.0,1545.7377699999997,176.4540833333333,0.45,0.55,controlled_export_or_distribution_upgrade,0.45,695.5819965,685.0371999889422,PG&E 60kV,60,PG&E,Operational,OH,east,0.42257771478742184,0.013787675400872718,1800.0,59.051396056516076,449.78002883890275,042981101,ELK 1101,3641610,320.0,450.0,12,3.0,Apr 2025,ELK 1101,ELK,12,1317,177,25,16,17,1024,1163,2187,873.0,2366.0,873.0,Moderate,4.9243,1545.7377699999997,R,RL160,RL,1.0,0.6423529411764706,0.7105882352941176,0.9098995601618438,0.0,0.6377684268543211,0.4824175824175824,0.5171584699453552,0.225,1.0,0.504071477772645,0.6553081149781821
53,True,,False,insufficient_static_pv_ica,0272210300,0272210300,greenfield,1,False,NONE, ,41896,-123.67180501389501,38.91483411138661,0.6322140337342183,142.08286491561663,107.8727448439157,34.21012007170093,34.210120071700864,0.0,0.0,0.0,0.0,0.0,0.5821205821205822,0.814968814968815,53.597157240228164,10.334872536365465,9.744937680041485,1.0,4.0,1460.8278200000002,166.7611666666667,0.42,0.5800000000000001,controlled_export_or_distribution_upgrade,0.42,613.5476844000001,182.93452810944007,PG&E 60kV,60,PG&E,Operational,OH,east,1356.9340469239721,0.0006576610122910183,1000.0,2205.739852334577,228.60634722126517,043381101,POINT ARENA 1101,4183050,300.0,420.0,12,3.0,Feb 2025,POINT ARENA 1101,POINT ARENA,12,713,162,15,24,17,382,687,1069,576.0,1344.0,581.0,Moderate,4.6538,1460.8278200000002,R,RL160,RL,1.0,0.5821205821205822,0.814968814968815,1.0,0.0,0.7956416784234551,0.2611721611721612,0.2937704918032787,0.21,0.9450683345856266,0.832822680427543,0.9835584746927245
54,True,,False,insufficient_static_pv_ica,0271711705,0271711705,greenfield,1,False,40270 GARCIA RIVER RD,POINT ARENA,38753,-123.65517812947891,38.936870235120864,0.6318708460388784,119.76477907226817,119.76477907226817,0.0,0.0,0.0,0.0,0.0,28560.0,238.46743776621,0.9292364990689013,0.5847299813780261,50.26123459042143,4.604476258278331,9.138406289167532,1.0,4.0,1460.8278200000002,166.7611666666667,0.07,0.9299999999999999,controlled_export_or_distribution_upgrade,0.07,102.25794740000002,1164.396653485428,PG&E 60kV,60,PG&E,Operational,OH,east,2664.260751109918,0.0,0.0,,263.23210780212315,043381101,POINT ARENA 1101,4328542,46.0,70.0,12,3.0,Mar 2026,POINT ARENA 1101,POINT ARENA,12,713,162,15,24,17,382,687,1069,576.0,1344.0,581.0,High,4.6538,1460.8278200000002, ,FL160,FL,1.0,0.9292364990689013,0.5847299813780261,0.976153256223379,0.0,0.7685634870249861,0.2611721611721612,0.2937704918032787,0.035,0.9450683345856266,0.3121109162691581,1.0
55,True,,False,insufficient_static_pv_ica,0153800400,0153800400,greenfield,1,True,NONE, ,10946,-123.77385276050849,39.58331193362654,0.6304001678721189,78.21279408031371,23.827747595035465,54.38504648527825,54.38504474318359,0.00450797951355193,0.0,0.0,0.0,0.0,0.7641509433962265,0.8773584905660378,12.231716382624684,8.357457882888921,2.223948433204488,1.0,4.0,1545.7377699999997,176.4540833333333,0.139,0.861,controlled_export_or_distribution_upgrade,0.139,214.85755002999997,16138.386170695632,PG&E 60kV,60,PG&E,Operational,OH,crosses,0.0,0.07674663679474107,1800.0,31.947520215011018,507.98653476517126,042761101,FORT BRAGG A 1101,4897557,92.0,139.0,12,3.0,May 2026,FORT BRAGG A 1101,FORT BRAGG A,12,2136,484,66,3,25,1684,2188,3872,1706.0,4575.0,1901.0,High,4.9243,1545.7377699999997,R,RMR20PD,RMR,0.6115858191312342,0.7641509433962265,0.8773584905660378,1.0,0.0,0.60170587381845,0.7824175824175824,1.0,0.0695,1.0,9.799139476068925e-08,0.0
56,True,,False,insufficient_static_pv_ica,0132404400,0132404400,greenfield,1,False,NONE, ,42643,-123.78145673256492,39.644847167892166,0.6300352760122673,40.24712605417134,39.90417115611068,0.34295489806066115,0.3429548980610909,0.0,0.0,0.0,0.0,0.0,0.4222222222222222,0.5222222222222223,11.342137009342888,12.878397497344537,2.062206728971434,1.0,4.0,1545.7377699999997,176.4540833333333,0.136,0.864,controlled_export_or_distribution_upgrade,0.136,210.22033671999998,23064.813275054625,PG&E 60kV,60,PG&E,Operational,OH,crosses,0.0,0.04959005248674566,2700.0,19.738828083540934,0.0,042761101,FORT BRAGG A 1101,3201047,90.0,136.0,12,3.0,May 2026,FORT BRAGG A 1101,FORT BRAGG A,12,2136,484,66,3,25,1684,2188,3872,1706.0,4575.0,1901.0,High,4.9243,1545.7377699999997,R,RL160,RL,0.5671068504671444,0.4222222222222222,0.5222222222222223,1.0,0.0,1.0,0.7824175824175824,1.0,0.068,1.0,9.617869244413552e-11,0.0
57,True,,False,insufficient_static_pv_ica,0690104300,0690104300,greenfield,1,False,NONE, ,10850,-123.75253342349576,39.53676788980374,0.6298784575200137,97.40112008379903,87.88473141942006,9.516388664378965,9.516422443684247,0.0,0.0,0.0,290744.0,2985.0170075031833,0.5037220843672456,0.41935483870967744,17.124402935674556,12.431841299429701,3.113527806486283,1.0,4.0,1545.7377699999997,176.4540833333333,0.139,0.861,controlled_export_or_distribution_upgrade,0.139,214.85755002999997,11393.93407964495,PG&E 60kV,60,PG&E,Operational,OH,east,16.65471070080316,0.04424713631169341,2800.0,109.4191937410939,2.9676777754913015,042761101,FORT BRAGG A 1101,4801714,97.0,139.0,12,3.0,May 2026,FORT BRAGG A 1101,FORT BRAGG A,12,2136,484,66,3,25,1684,2188,3872,1706.0,4575.0,1901.0,Moderate,4.9243,1545.7377699999997,R,RL160,RL,0.8562201467837278,0.5037220843672456,0.41935483870967744,0.7014982992496817,0.0,0.9970367214273168,0.7824175824175824,1.0,0.0695,1.0,1.126360215019686e-05,0.0
58,True,,False,insufficient_static_pv_ica,1311101300,1311101300,greenfield,1,False,14409 S HWY 1,MANCHESTER,49787,-123.68230909834607,39.03203475928224,0.6282086262415223,85.04951897721546,63.20247275677913,21.847046220436326,21.847046220436678,0.0,0.0,0.0,0.0,0.0,0.41379310344827586,0.33793103448275863,14.010875129188275,17.709771228214446,2.5474318416705954,1.0,4.0,1545.7377699999997,176.4540833333333,0.4,0.6,controlled_export_or_transmission_study,0.4,618.2951079999999,0.0,PG&E 60kV,60,PG&E,Operational,OH,east,24.577431920101574,0.0013510444267950464,100.0,388.42294260449034,732.3841659571274,042981101,ELK 1101,4166481,290.0,400.0,12,3.0,Apr 2025,ELK 1101,ELK,12,1317,177,25,16,17,1024,1163,2187,873.0,2366.0,873.0,Moderate,4.9243,1545.7377699999997,R,RL160,RL,0.7005437564594137,0.41379310344827586,0.33793103448275863,1.0,0.0,0.4807614076386978,0.4824175824175824,0.5171584699453552,0.2,1.0,1.0,0.9662238893301238
59,True,,False,insufficient_static_pv_ica,1310501500,1310501500,greenfield,1,False,11400 S HWY 1,ELK,23862,-123.6975496374986,39.074967482049146,0.6266513974820086,39.650897461374136,27.284390518636005,12.36650694273813,12.366506942737217,0.0,0.0,0.0,0.0,0.0,0.9834710743801653,1.0,21.572299802083535,2.6505017837955656,3.922236327651552,1.0,4.0,1545.7377699999997,176.4540833333333,0.0,1.0,controlled_export_or_distribution_upgrade,0.0,0.0,370.3394516589705,PG&E 60kV,60,PG&E,Operational,OH,west,56.01809498739231,0.03182915296272307,1500.0,166.22783721810333,0.0,042981101,ELK 1101,4746950,0.0,0.0,12,3.0,May 2026,ELK 1101,ELK,12,1317,177,25,16,17,1024,1163,2187,873.0,2366.0,873.0,Moderate,4.9243,1545.7377699999997,R,AG60,AG,1.0,0.9834710743801653,1.0,1.0,0.0,1.0,0.4824175824175824,0.5171584699453552,0.0,1.0,0.6904998995141798,0.20427117593192334
60,True,,False,insufficient_static_pv_ica,0272912300,0272912300,greenfield,1,False,EUREKA HILL RD,POINT ARENA,35267,-123.68120204691141,38.907297848514,0.624028546003911,87.51067195497407,47.21445574667152,40.29621620830255,40.296216208302134,0.0,0.0,0.0,0.0,0.0,0.7649769585253456,0.7972350230414746,16.67961324903366,7.62965386564011,3.0326569543697564,1.0,4.0,1460.8278200000002,166.7611666666667,0.42,0.5800000000000001,controlled_export_or_distribution_upgrade,0.42,613.5476844000001,208.86135400518896,PG&E 60kV,60,PG&E,Operational,OH,east,555.110886929116,0.0006061457868368724,300.0,1333.3594565699698,231.3499042684618,043381101,POINT ARENA 1101,3321373,300.0,420.0,12,3.0,Feb 2025,POINT ARENA 1101,POINT ARENA,12,713,162,15,24,17,382,687,1069,576.0,1344.0,581.0,Moderate,4.6538,1460.8278200000002, , , ,0.833980662451683,0.7649769585253456,0.7972350230414746,1.0,0.0,0.7934617817923145,0.2611721611721612,0.2937704918032787,0.21,0.9450683345856266,0.811507740142011,0.9848463553290782
61,True,,False,insufficient_static_pv_ica,1322202600,1322202600,greenfield,1,False,NONE, ,38530,-123.67214599217793,39.00637444305129,0.6239197206259055,70.78134690422273,64.56556279591858,6.215784108304149,6.21578410830325,0.0,0.0,0.0,0.0,0.0,0.3006993006993007,0.6433566433566433,14.010875129188275,15.29487690702898,2.5474318416705954,1.0,4.0,1545.7377699999997,176.4540833333333,0.0,1.0,controlled_export_or_distribution_upgrade,0.0,0.0,404.1396334485374,PG&E 60kV,60,PG&E,Operational,OH,east,1000.0072582887469,0.005303829059475741,1700.0,1597.1566406808088,415.3002736275936,042981101,ELK 1101,3189014,0.0,0.0,12,3.0,May 2026,ELK 1101,ELK,12,1317,177,25,16,17,1024,1163,2187,873.0,2366.0,873.0,Moderate,4.9243,1545.7377699999997,R,RL160,RL,0.7005437564594137,0.3006993006993007,0.6433566433566433,1.0,0.0,0.6601420277000135,0.4824175824175824,0.5171584699453552,0.0,1.0,0.6675509023262731,0.8674042735131064
62,True,,True,,1271100800,1271100800,greenfield,1,False,4801 S HWY 1,ELK,21962,-123.72834227001464,39.14393251055367,0.6219651828328956,75.26184367455416,55.043915875709466,20.21792779884469,20.21792779884543,0.0,0.0,0.0,0.0,0.0,0.6129032258064516,0.7459677419354839,23.129063705326676,8.355844028296518,4.205284310059396,1.0,4.0,1545.7377699999997,176.4540833333333,1.18,0.0,static_distribution,0.873,1349.4290732099998,0.0,PG&E 60kV,60,PG&E,Operational,OH,east,3.4166640563351462,0.030077647758283133,4400.0,31.177541449759403,0.0,042981101,ELK 1101,3233329,820.0,1180.0,12,3.0,Apr 2025,ELK 1101,ELK,12,1317,177,25,16,17,1024,1163,2187,873.0,2366.0,873.0,Moderate,4.9243,1545.7377699999997,R,RL160,RL,1.0,0.6129032258064516,0.7459677419354839,1.0,0.0,1.0,0.4824175824175824,0.5171584699453552,0.59,1.0,1.0,0.24805880604292163
63,True,,False,insufficient_static_pv_ica,1270401100,1270401100,greenfield,1,False,3401 S HWY 1,ELK,49919,-123.72886140183738,39.15885741167123,0.6196749109021205,123.85377835681895,110.1897987540392,13.663979602779747,13.663979602779179,0.0,0.0,0.0,246305.0,1988.675705075406,0.47474747474747475,0.2767676767676768,16.012428719072314,13.85221560182807,2.9113506761949663,1.0,4.0,1545.7377699999997,176.4540833333333,0.0,1.0,controlled_export_or_transmission_study,0.0,0.0,0.0,PG&E 60kV,60,PG&E,Operational,OH,east,4.0152308085010855,0.01132614614958962,700.0,42.54747187043184,0.0,042981101,ELK 1101,4105228,0.0,0.0,12,3.0,May 2026,ELK 1101,ELK,12,1317,177,25,16,17,1024,1163,2187,873.0,2366.0,873.0,Moderate,4.9243,1545.7377699999997,R,RL160,RL,0.8006214359536157,0.47474747474747475,0.2767676767676768,0.8011324294924593,0.0,1.0,0.4824175824175824,0.5171584699453552,0.0,1.0,1.0,0.7168463462602594
64,True,,False,insufficient_static_pv_ica,1321900300,1321900300,greenfield,1,False,17500 S HWY 1,MANCHESTER,25971,-123.69387615283847,38.99587221033729,0.6184938428085951,67.14217332331891,61.636579231626754,5.50559409169216,5.504931014134464,0.0006630775577575697,0.0,0.0,91672.0,1365.341564958871,0.989247311827957,0.9354838709677419,57.15547473335534,2.359812379019477,10.391904496973698,1.0,4.0,1460.8278200000002,166.7611666666667,0.0,1.0,controlled_export_or_distribution_upgrade,0.0,0.0,919.7936437747129,PG&E 60kV,60,PG&E,Operational,OH,west,12.761014098671271,0.024743112335854633,2200.0,38.10540582916543,172.36008738510566,042981101,ELK 1101,4720902,0.0,0.0,12,3.0,May 2026,ELK 1101,ELK,12,1317,177,25,16,17,1024,1163,2187,873.0,2366.0,873.0,Moderate,4.6538,1460.8278200000002,R,AG60,AG,1.0,0.989247311827957,0.9354838709677419,0.8634658435041129,0.0,0.84167604166991,0.4824175824175824,0.5171584699453552,0.0,0.9450683345856266,0.3986012864551676,0.3814221916036342
65,True,,False,insufficient_static_pv_ica,0271610100,0271610100,greenfield,1,False,NONE, ,27466,-123.68185414913053,38.93475091868823,0.6182279003888627,213.06720401067616,174.92900554281022,38.13819846786595,38.13819846786524,0.0,0.0,0.0,0.0,0.0,0.5778635778635779,0.4839124839124839,19.348351368879044,9.934612346282945,3.5178820670689173,1.0,4.0,1460.8278200000002,166.7611666666667,0.196,0.804,controlled_export_or_distribution_upgrade,0.196,286.32225272000005,111.35181097780054,PG&E 60kV,60,PG&E,Operational,OH,east,1280.8402314781433,0.004740335283586505,1200.0,2163.0106604084276,0.0,043381101,POINT ARENA 1101,3799699,106.0,196.0,12,3.0,Mar 2026,POINT ARENA 1101,POINT ARENA,12,713,162,15,24,17,382,687,1069,576.0,1344.0,581.0,High,4.6538,1460.8278200000002,R,PF,PF,0.9674175684439522,0.5778635778635779,0.4839124839124839,1.0,0.0,1.0,0.2611721611721612,0.2937704918032787,0.098,0.9450683345856266,0.8946239550299203,0.8814916179103374
66,True,,False,insufficient_static_pv_ica,0270610800,0270610800,greenfield,1,False,NONE, ,36586,-123.69830039901886,38.91707196750352,0.61698760989004,19.073120504357405,19.028906275366662,0.04421422899074301,0.0,0.044214228991159794,0.0,0.0,0.0,0.0,1.0,0.9456521739130435,19.348351368879044,1.15500290399359,3.5178820670689173,1.0,4.0,1460.8278200000002,166.7611666666667,0.31,0.69,controlled_export_or_distribution_upgrade,0.31,452.85662420000006,1462.690318211752,PG&E 60kV,60,PG&E,Operational,OH,east,160.5829838922869,0.007703733914813995,1100.0,236.89943554218152,280.978609906723,043381101,POINT ARENA 1101,5572516,220.0,310.0,12,3.0,Feb 2025,POINT ARENA 1101,POINT ARENA,12,713,162,15,24,17,382,687,1069,576.0,1344.0,581.0,Moderate,4.6538,1460.8278200000002, , , ,0.9674175684439522,1.0,0.9456521739130435,1.0,0.0,0.7550444857794583,0.2611721611721612,0.2937704918032787,0.155,0.9450683345856266,0.23161232493850314,0.8074066521296501
67,True,,True,,1271400100,1271400100,greenfield,1,False,NONE, ,29291,-123.71653953617894,39.139643748812084,0.6168174990239372,145.1152447508225,131.48992238639389,13.625322364428627,13.625322364429518,0.0,0.0,0.0,0.0,0.0,0.5942275042444821,0.41765704584040747,45.813337724012456,11.15604625746918,8.329697768002264,1.0,4.0,1545.7377699999997,176.4540833333333,1.18,0.0,static_distribution,0.873,1349.4290732099998,0.0,PG&E 60kV,60,PG&E,Operational,OH,east,1.2739450331739222,0.020130611744816534,1200.0,33.717148051238105,503.8905996175291,042981101,ELK 1101,3233329,820.0,1180.0,12,3.0,Apr 2025,ELK 1101,ELK,12,1317,177,25,16,17,1024,1163,2187,873.0,2366.0,873.0,Moderate,4.9243,1545.7377699999997,R,RL160,RL,1.0,0.5942275042444821,0.41765704584040747,1.0,0.0,0.6041754762686598,0.4824175824175824,0.5171584699453552,0.59,1.0,1.0,0.4967347063795866
68,True,,False,insufficient_static_pv_ica,1331502300,1331502300,greenfield,1,False,NONE, ,38193,-123.6745849243059,38.953328349721225,0.6164394107837667,33.30462318420741,25.400282034296204,7.904341149911204,7.9043411499125416,0.0,0.0,0.0,0.0,0.0,0.8407079646017699,0.9911504424778761,20.90511527212219,6.190409381741089,3.8009300494767615,1.0,4.0,1460.8278200000002,166.7611666666667,0.23,0.77,controlled_export_or_transmission_study,0.23,335.99039860000005,38.057327510383544,PG&E 60kV,60,PG&E,Operational,OH,east,858.775399042153,0.0024847859830667627,2500.0,1508.9010866150768,767.998394026553,043381101,POINT ARENA 1101,3996793,160.0,230.0,12,3.0,Feb 2025,POINT ARENA 1101,POINT ARENA,12,713,162,15,24,17,382,687,1069,576.0,1344.0,581.0,Moderate,4.6538,1460.8278200000002,R,RL160,RL,1.0,0.8407079646017699,0.9911504424778761,1.0,0.0,0.4639407661675999,0.2611721611721612,0.2937704918032787,0.115,0.9450683345856266,0.9626577525370048,0.937880350423331
69,True,,False,insufficient_static_pv_ica,1331101700,1331101700,greenfield,1,False,20051 S HWY 1,MANCHESTER,36136,-123.6826327319231,38.95722497972909,0.6158111893130389,74.47019724250231,61.947073769445964,12.523123473056344,12.523123473056053,0.0,0.0,0.0,0.0,0.0,0.8602150537634409,0.6451612903225806,31.357672908183282,5.297104362321861,5.701395074215142,1.0,4.0,1460.8278200000002,166.7611666666667,0.23,0.77,controlled_export_or_transmission_study,0.23,335.99039860000005,43.750688903972666,PG&E 60kV,60,PG&E,Operational,OH,east,6.270967669840233,0.0019980804871570453,1500.0,736.8353004100802,595.0938081057978,043381101,POINT ARENA 1101,3996793,160.0,230.0,12,3.0,Feb 2025,POINT ARENA 1101,POINT ARENA,12,713,162,15,24,17,382,687,1069,576.0,1344.0,581.0,Moderate,4.6538,1460.8278200000002,R,RL160,RL,1.0,0.8602150537634409,0.6451612903225806,1.0,0.0,0.5515108272550853,0.2611721611721612,0.2937704918032787,0.115,0.9450683345856266,0.9571925664557296,0.9500479878210739
70,True,,False,insufficient_static_pv_ica,1331102700,1331102700,greenfield,1,False,20001 S HWY 1,MANCHESTER,26165,-123.67418503676019,38.963925688370075,0.6145049039097226,76.34438161906054,76.34438161906054,0.0,0.0,0.0,0.0,0.0,0.0,0.0,0.9970845481049563,0.6268221574344023,47.37010162725559,4.064459984649104,8.612745750410108,1.0,4.0,1460.8278200000002,166.7611666666667,0.033,0.967,controlled_export_or_distribution_upgrade,0.033,48.207318060000006,204.27215543915116,PG&E 60kV,60,PG&E,Operational,OH,east,810.1963637894216,0.0009266121832013158,2000.0,2524.4748460992923,801.490058967795,043381101,POINT ARENA 1101,4284514,23.0,33.0,12,3.0,Mar 2026,POINT ARENA 1101,POINT ARENA,12,713,162,15,24,17,382,687,1069,576.0,1344.0,581.0,Moderate,4.6538,1460.8278200000002, ,RL160,RL,1.0,0.9970845481049563,0.6268221574344023,1.0,0.0,0.44865993603418164,0.2611721611721612,0.2937704918032787,0.0165,0.9450683345856266,0.8152404688648826,0.9768346954199671
71,True,,False,insufficient_static_pv_ica,0272911400,0272911400,greenfield,1,False,NONE, ,39053,-123.66537831618186,38.909215885746804,0.6108561854689462,38.590278587888015,37.32276390717583,1.267514680712182,1.2675146807122886,0.0,0.0,0.0,0.0,0.0,0.7861271676300579,0.7456647398843931,28.466539945017445,6.833170339320768,5.1757345354577176,1.0,4.0,1460.8278200000002,166.7611666666667,0.083,0.917,controlled_export_or_transmission_study,0.083,121.24870906000002,0.0,PG&E 60kV,60,PG&E,Operational,OH,east,1964.2449394294358,0.0008340582344991172,1200.0,2701.6925196964453,783.8381724945473,043381101,POINT ARENA 1101,3453132,62.0,83.0,12,3.0,Mar 2026,POINT ARENA 1101,POINT ARENA,12,713,162,15,24,17,382,687,1069,576.0,1344.0,581.0,Moderate,4.6538,1460.8278200000002,R,FL160,FL,1.0,0.7861271676300579,0.7456647398843931,1.0,0.0,0.45664994216523636,0.2611721611721612,0.2937704918032787,0.0415,0.9450683345856266,1.0,0.9791485441375221
72,True,,False,insufficient_static_pv_ica,0270510705,0270510705,greenfield,1,False,24001 WINDY HOLLOW RD,POINT ARENA,32363,-123.69071777474653,38.9203389484108,0.6105402082353466,76.87890408587839,63.30764520082336,13.57125888505503,13.5712588850548,0.0,0.0,0.0,0.0,0.0,0.7943262411347518,0.8865248226950354,23.57385339196757,5.95292873174167,4.286155162175922,1.0,4.0,1460.8278200000002,166.7611666666667,0.42,0.5800000000000001,controlled_export_or_distribution_upgrade,0.42,613.5476844000001,536.182533106452,PG&E 60kV,60,PG&E,Operational,OH,east,711.8917817620985,0.0014255065089657836,300.0,929.3586361283582,838.7967960682524,043381101,POINT ARENA 1101,3321373,300.0,420.0,12,3.0,Feb 2025,POINT ARENA 1101,POINT ARENA,12,713,162,15,24,17,382,687,1069,576.0,1344.0,581.0,Moderate,4.6538,1460.8278200000002,R,RL160,RL,1.0,0.7943262411347518,0.8865248226950354,1.0,0.0,0.4322302718472132,0.2611721611721612,0.2937704918032787,0.21,0.9450683345856266,0.5849771261538419,0.9643623372758554
73,True,,False,insufficient_static_pv_ica,1330301000,1330301000,greenfield,1,False,NONE, ,38167,-123.73169359708479,38.94730494523827,0.6093148461249932,264.2420960088467,127.97284431947578,136.26925168937095,136.26925168937376,0.0,0.0,0.0,0.0,0.0,0.961335676625659,0.8840070298769771,101.41204855412465,2.685610533259205,18.43855428256812,1.0,4.0,1460.8278200000002,166.7611666666667,0.196,0.804,controlled_export_or_distribution_upgrade,0.196,286.32225272000005,4014.023303854635,PG&E 60kV,60,PG&E,Operational,OH,west,1365.1190712658804,0.0015025850470824517,1800.0,2865.1063519942522,877.1802540495813,043381101,POINT ARENA 1101,4459797,106.0,196.0,12,3.0,Mar 2026,POINT ARENA 1101,POINT ARENA,12,713,162,15,24,17,382,687,1069,576.0,1344.0,581.0,Moderate,4.6538,1460.8278200000002,R,AG60,AG,1.0,0.961335676625659,0.8840070298769771,1.0,0.0,0.4159541446307449,0.2611721611721612,0.2937704918032787,0.098,0.9450683345856266,0.018060585643619575,0.9624353738229388
74,True,,False,insufficient_static_pv_ica,1234101200,1234101200,greenfield,1,False,32550 NAVARRO RIDGE RD,ALBION,28744,-123.74837882072666,39.20384908830617,0.6091943999414751,85.6519284119639,74.02586253619631,11.62606587576758,11.626065875768493,0.0,0.0,0.0,147666.0,1724.024230835344,0.28134556574923547,0.39143730886850153,15.122849345790518,17.610981628812784,2.7496089719619126,1.0,4.0,1545.7377699999997,176.4540833333333,0.45,0.55,controlled_export_or_transmission_study,0.45,695.5819965,0.0,PG&E 60kV,60,PG&E,Operational,OH,east,257.5433151702119,0.0049222002179586085,800.0,820.4307007678727,489.4702726954814,042981101,ELK 1101,3641610,320.0,450.0,12,3.0,Apr 2025,ELK 1101,ELK,12,1317,177,25,16,17,1024,1163,2187,873.0,2366.0,873.0,Moderate,4.9243,1545.7377699999997,R,RL160,RL,0.7561424672895259,0.28134556574923547,0.39143730886850153,0.8275975769164656,0.0,0.6129510050829217,0.4824175824175824,0.5171584699453552,0.225,1.0,1.0,0.8769449945510348
75,True,,False,insufficient_static_pv_ica,0272210400,0272210400,greenfield,1,False,43300 EUREKA HILL RD,POINT ARENA,38988,-123.67989159241036,38.91352006775255,0.6081315243557279,21.295528703314538,17.430396694738928,3.8651320085756105,3.865132008575195,0.0,0.0,0.0,0.0,0.0,0.825,0.575,10.230162792740645,5.6358145895989065,1.8600295986801172,1.0,4.0,1460.8278200000002,166.7611666666667,0.42,0.5800000000000001,controlled_export_or_transmission_study,0.42,613.5476844000001,0.0,PG&E 60kV,60,PG&E,Operational,OH,east,954.3465759545053,0.00017730600134388725,100.0,1550.0597913717043,0.0,043381101,POINT ARENA 1101,3321373,300.0,420.0,12,3.0,Feb 2025,POINT ARENA 1101,POINT ARENA,12,713,162,15,24,17,382,687,1069,576.0,1344.0,581.0,Moderate,4.6538,1460.8278200000002, , , ,0.5115081396370322,0.825,0.575,1.0,0.0,1.0,0.2611721611721612,0.2937704918032787,0.21,0.9450683345856266,1.0,0.9955673499664028
76,True,,False,insufficient_static_pv_ica,0270211200,0270211200,greenfield,1,False,NONE, ,32321,-123.68897786166973,38.93450730276141,0.6078894028616164,41.384469763789426,29.089295821752668,12.295173942036758,12.29517394203669,0.0,0.0,0.0,0.0,0.0,0.7669172932330827,0.9097744360902256,21.349904958763084,7.018024858256384,3.8818009015932877,1.0,4.0,1460.8278200000002,166.7611666666667,0.196,0.804,controlled_export_or_distribution_upgrade,0.196,286.32225272000005,851.2137131626006,PG&E 60kV,60,PG&E,Operational,OH,east,1066.999959768981,0.012720813595940588,2000.0,1414.4360986778875,15.382921145802422,043381101,POINT ARENA 1101,4590326,106.0,196.0,12,3.0,Mar 2026,POINT ARENA 1101,POINT ARENA,12,713,162,15,24,17,382,687,1069,576.0,1344.0,581.0,Moderate,4.6538,1460.8278200000002,R,AG60,AG,1.0,0.7669172932330827,0.9097744360902256,1.0,0.0,0.9847347916239827,0.2611721611721612,0.2937704918032787,0.098,0.9450683345856266,0.42689648750499454,0.6819796601014854
77,True,,False,insufficient_static_pv_ica,1230300900,1230300900,greenfield,1,True,3980 N HWY 1,ALBION,28487,-123.7736038517897,39.231718253729824,0.6073649513447054,36.17396417631475,26.701005858412636,9.472958317902112,9.472958317901963,0.0,0.0,0.0,0.0,0.0,0.8416666666666667,0.9583333333333334,21.349904958763084,6.082846093399744,3.8818009015932877,1.0,4.0,1545.7377699999997,176.4540833333333,0.38,0.62,controlled_export_or_distribution_upgrade,0.38,587.3803525999999,134.62086501660642,PG&E 60kV,60,PG&E,Operational,OH,crosses,0.0,0.024330639786335866,1200.0,38.9205067032935,818.1754977433479,042981101,ELK 1101,4089499,280.0,380.0,12,3.0,Apr 2025,ELK 1101,ELK,12,1317,177,25,16,17,1024,1163,2187,873.0,2366.0,873.0,Moderate,4.9243,1545.7377699999997,R,RMR20,RMR,1.0,0.8416666666666667,0.9583333333333334,1.0,0.0,0.44123595655588504,0.4824175824175824,0.5171584699453552,0.19,1.0,0.8740472307590594,0.3917340053416034
78,True,,False,insufficient_static_pv_ica,0270510500,0270510500,greenfield,1,False,23495 WINDY HOLLOW RD,POINT ARENA,35640,-123.69392859569146,38.9240989918099,0.6071239375525777,56.70630929991372,49.392631035879006,7.3136782640347135,7.31367826403432,0.0,0.0,0.0,0.0,0.0,0.7747747747747747,0.9234234234234234,32.91443681142642,5.486815704864885,5.984443056622985,1.0,4.0,1460.8278200000002,166.7611666666667,0.31,0.69,controlled_export_or_distribution_upgrade,0.31,452.85662420000006,1005.993537782141,PG&E 60kV,60,PG&E,Operational,OH,east,828.183788548164,0.00024161390285629505,200.0,1719.2887653633686,984.6321753818489,043381101,POINT ARENA 1101,5572516,220.0,310.0,12,3.0,Feb 2025,POINT ARENA 1101,POINT ARENA,12,713,162,15,24,17,382,687,1069,576.0,1344.0,581.0,Moderate,4.6538,1460.8278200000002,R,AG60,AG,1.0,0.7747747747747747,0.9234234234234234,1.0,0.0,0.3735766123430299,0.2611721611721612,0.2937704918032787,0.155,0.9450683345856266,0.3656811362340704,0.9939596524285926
79,True,,False,insufficient_static_pv_ica,0271610800,0271610800,greenfield,1,False,43000 HARRIS RANCH RD,POINT ARENA,34452,-123.6730761794544,38.930828928389964,0.6067604426683242,148.71964151270677,122.97694037787565,25.742701134831123,25.742701134832718,0.0,0.0,0.0,314196.0,2112.673193696172,0.7132616487455197,0.5161290322580645,32.469647124785524,9.209669122755443,5.903572204506459,1.0,4.0,1460.8278200000002,166.7611666666667,0.196,0.804,controlled_export_or_transmission_study,0.196,286.32225272000005,0.0,PG&E 60kV,60,PG&E,Operational,OH,east,2179.352030094359,0.0006075511354099916,600.0,2535.9481829395327,253.0724538653475,043381101,POINT ARENA 1101,3799699,106.0,196.0,12,3.0,Mar 2026,POINT ARENA 1101,POINT ARENA,12,713,162,15,24,17,382,687,1069,576.0,1344.0,581.0,Moderate,4.6538,1460.8278200000002,R,RL160,RL,1.0,0.7132616487455197,0.5161290322580645,0.7887326806303828,0.0,0.7764116257623906,0.2611721611721612,0.2937704918032787,0.098,0.9450683345856266,1.0,0.9848112216147502
80,True,,False,insufficient_static_pv_ica,1330801600,1330801600,greenfield,1,False,43821 CRISPIN RD,MANCHESTER,35631,-123.6840258677213,38.97363066384199,0.6049111336055595,20.251274387070627,15.406951827538053,4.844322559532573,4.844322559533188,0.0,0.0,0.0,0.0,0.0,1.0,0.9692307692307692,14.010875129188275,1.0214577905680284,2.5474318416705954,1.0,4.0,1460.8278200000002,166.7611666666667,0.0,1.0,controlled_export_or_transmission_study,0.0,0.0,90.30778663753912,PG&E 60kV,60,PG&E,Operational,OH,east,114.14504067969074,0.02918496433169805,600.0,143.72911145448882,0.0,042981101,ELK 1101,5111153,0.0,0.0,12,3.0,May 2026,ELK 1101,ELK,12,1317,177,25,16,17,1024,1163,2187,873.0,2366.0,873.0,Moderate,4.6538,1460.8278200000002, ,RL160,RL,0.7005437564594137,1.0,0.9692307692307692,1.0,0.0,1.0,0.4824175824175824,0.5171584699453552,0.0,0.9450683345856266,0.9136499327498756,0.2703758917075487
81,True,,False,insufficient_static_pv_ica,1321801600,1321801600,greenfield,1,False,NONE, ,39386,-123.6943936389164,38.999188828214045,0.6047900400254053,58.246190076184526,48.35614476564363,9.890045310540899,9.889767061538189,0.0,0.0,0.0,0.0,0.0,0.9547511312217195,0.9004524886877828,43.14459960416707,2.577209269213944,7.844472655303104,1.0,4.0,1460.8278200000002,166.7611666666667,0.0,1.0,controlled_export_or_distribution_upgrade,0.0,0.0,890.2892163267677,PG&E 60kV,60,PG&E,Operational,OH,west,11.216922684613536,0.032697625578619036,1900.0,333.8420718296885,98.95492382737798,042981101,ELK 1101,4720902,0.0,0.0,12,3.0,May 2026,ELK 1101,ELK,12,1317,177,25,16,17,1024,1163,2187,873.0,2366.0,873.0,Moderate,4.6538,1460.8278200000002,R,AG60,AG,1.0,0.9547511312217195,0.9004524886877828,1.0,0.0,0.9057835363583921,0.4824175824175824,0.5171584699453552,0.0,0.9450683345856266,0.41053700157718553,0.18255936053452415
82,True,,False,insufficient_static_pv_ica,1331101800,1331101800,greenfield,1,False,NONE, ,32254,-123.67424554892962,38.9583635685186,0.6042456015051035,131.0656381163618,111.00846606794475,20.05717204841706,20.057172048417364,0.0,0.0,0.0,0.0,0.0,0.7661290322580645,0.8891129032258065,56.26589536007354,7.008746367306694,10.230162792740645,1.0,4.0,1460.8278200000002,166.7611666666667,0.23,0.77,controlled_export_or_transmission_study,0.23,335.99039860000005,0.0,PG&E 60kV,60,PG&E,Operational,OH,east,553.0320534960737,0.003795652058035427,3200.0,1395.115661763928,791.4810489166852,043381101,POINT ARENA 1101,3996793,160.0,230.0,12,3.0,Feb 2025,POINT ARENA 1101,POINT ARENA,12,713,162,15,24,17,382,687,1069,576.0,1344.0,581.0,Moderate,4.6538,1460.8278200000002, ,RL160,RL,1.0,0.7661290322580645,0.8891129032258065,1.0,0.0,0.4531731264499338,0.2611721611721612,0.2937704918032787,0.115,0.9450683345856266,1.0,0.9051086985491144
83,True,,False,insufficient_static_pv_ica,0271510100,0271510100,greenfield,1,False,25500 S HWY 1,POINT ARENA,40485,-123.7001180788873,38.90521767248184,0.5988074189274086,91.733539762884,78.4171650342667,13.316374728617305,13.316374728617689,0.0,0.0,0.0,234396.0,2555.183203503046,0.8096590909090909,0.9119318181818182,56.93307989003489,5.983889292006691,10.351469070915435,1.0,4.0,1460.8278200000002,166.7611666666667,0.31,0.69,controlled_export_or_distribution_upgrade,0.31,452.85662420000006,1513.713202508491,PG&E 60kV,60,PG&E,Operational,OH,west,325.7372464717838,0.0030737452654854107,800.0,725.1046887760008,325.0661195207507,043381101,POINT ARENA 1101,4147802,220.0,310.0,12,3.0,Feb 2025,POINT ARENA 1101,POINT ARENA,12,713,162,15,24,17,382,687,1069,576.0,1344.0,581.0,Moderate,4.6538,1460.8278200000002,R,RL160,RL,1.0,0.8096590909090909,0.9119318181818182,0.7444816796496954,0.0,0.7224795820590546,0.2611721611721612,0.2937704918032787,0.155,0.9450683345856266,0.22009121553116903,0.9231563683628647
84,True,,False,insufficient_static_pv_ica,1330301700,1330301700,greenfield,1,False,NONE, ,33286,-123.72554819278231,38.94706557846549,0.5978958632723543,16.28384972221543,12.793642244966218,3.4902074772492107,3.490207477249081,0.0,0.0,0.0,0.0,0.0,1.0,1.0,12.231716382624684,0.20017719186341223,2.223948433204488,1.0,4.0,1460.8278200000002,166.7611666666667,0.156,0.844,controlled_export_or_distribution_upgrade,0.156,227.88913992000002,3988.104064525591,PG&E 60kV,60,PG&E,Operational,OH,west,1671.8201013301893,0.0008153040737628234,400.0,1783.3431012264075,409.77973670380504,043381101,POINT ARENA 1101,4611667,93.0,156.0,12,3.0,Mar 2026,POINT ARENA 1101,POINT ARENA,12,713,162,15,24,17,382,687,1069,576.0,1344.0,581.0,Moderate,4.6538,1460.8278200000002,R,AG60,AG,0.6115858191312342,1.0,1.0,1.0,0.0,0.6637964440279182,0.2611721611721612,0.2937704918032787,0.078,0.9450683345856266,0.018534821654379155,0.9796173981559294
85,True,,False,insufficient_static_pv_ica,0271610700,0271610700,greenfield,1,False,43000 HARRIS RANCH RD,POINT ARENA,39628,-123.6815903089965,38.927331729764695,0.5977222756223819,81.00762243683533,66.54216103769885,14.465461399136487,14.465461399136746,0.0,0.0,0.0,0.0,0.0,0.802013422818792,0.7248322147651006,37.584728521155846,6.512889952135383,6.833587003846517,1.0,4.0,1460.8278200000002,166.7611666666667,0.263,0.737,controlled_export_or_transmission_study,0.263,384.1977166600001,0.0,PG&E 60kV,60,PG&E,Operational,OH,east,1651.330448806941,0.0030492374831007666,1200.0,1890.7825947678227,989.679275756496,043381101,POINT ARENA 1101,4757317,135.0,263.0,12,3.0,Mar 2026,POINT ARENA 1101,POINT ARENA,12,713,162,15,24,17,382,687,1069,576.0,1344.0,581.0,Moderate,4.6538,1460.8278200000002,R,RL160,RL,1.0,0.802013422818792,0.7248322147651006,1.0,0.0,0.3716958837881606,0.2611721611721612,0.2937704918032787,0.1315,0.9450683345856266,1.0,0.9237690629224808
86,True,,False,insufficient_static_pv_ica,1331502700,1331502700,greenfield,1,False, , ,34558,-123.68592846172363,38.946417629391526,0.5950241518310743,220.93788726974216,170.95965200087645,49.97823526886572,49.97823526886537,0.0,0.0,0.0,0.0,0.0,0.8636363636363636,0.7064935064935065,69.16479627265957,4.133519225021741,12.575417504119923,1.0,4.0,1460.8278200000002,166.7611666666667,0.23,0.77,controlled_export_or_distribution_upgrade,0.23,335.99039860000005,362.21811275912773,PG&E 60kV,60,PG&E,Operational,OH,east,155.22799679136614,0.016949169228255234,3100.0,222.72438877620297,0.0,043381101,POINT ARENA 1101,3996793,160.0,230.0,12,3.0,Feb 2025,POINT ARENA 1101,POINT ARENA,12,713,162,15,24,17,382,687,1069,576.0,1344.0,581.0,Moderate,4.6538,1460.8278200000002, , , ,1.0,0.8636363636363636,0.7064935064935065,1.0,0.0,1.0,0.2611721611721612,0.2937704918032787,0.115,0.9450683345856266,0.6961305163343666,0.5762707692936191
87,True,,False,insufficient_static_pv_ica,1310301200,1310301200,greenfield,1,False,NONE, ,34498,-123.69750137988373,39.08628052767388,0.5931077946181349,31.26610679980578,26.75886245152943,4.507244348276348,4.507244348274499,0.0,0.0,0.0,0.0,0.0,0.9576271186440678,0.8898305084745762,23.129063705326676,5.136800703027424,4.205284310059396,1.0,4.0,1545.7377699999997,176.4540833333333,0.0,1.0,controlled_export_or_transmission_study,0.0,0.0,1.7645932382733467,PG&E 60kV,60,PG&E,Operational,OH,east,4.811876336447498,0.047916197629157505,900.0,40.700990255023456,17.438859014716023,042981101,ELK 1101,3959051,0.0,0.0,12,3.0,May 2026,ELK 1101,ELK,12,1317,177,25,16,17,1024,1163,2187,873.0,2366.0,873.0,Moderate,4.9243,1545.7377699999997,R,AG60,AG,1.0,0.9576271186440678,0.8898305084745762,1.0,0.0,0.9827123178276758,0.4824175824175824,0.5171584699453552,0.0,1.0,0.9982369627410168,0.0
88,True,,False,insufficient_static_pv_ica,1310300100,1310300100,greenfield,1,False,10000 S HWY 1,ELK,31144,-123.70648832446622,39.0953127202753,0.5926508951651259,62.18581567240921,39.21312680947581,22.972688862933403,22.972688862932625,0.0,0.0,0.0,0.0,0.0,0.6795580110497238,0.9723756906077348,19.793141055519943,12.157049425913756,3.598752919185444,1.0,4.0,1545.7377699999997,176.4540833333333,0.0,1.0,controlled_export_or_distribution_upgrade,0.0,0.0,283.9648030902893,PG&E 60kV,60,PG&E,Operational,OH,west,1.8600324285195993,0.03632502169892594,1700.0,53.0667275323615,8.854709896773869,042981101,ELK 1101,5069358,0.0,0.0,12,3.0,May 2026,ELK 1101,ELK,12,1317,177,25,16,17,1024,1163,2187,873.0,2366.0,873.0,High,4.9243,1545.7377699999997,R,AG60,AG,0.9896570527759971,0.6795580110497238,0.9723756906077348,1.0,0.0,0.9911843775923652,0.4824175824175824,0.5171584699453552,0.0,1.0,0.7527931402321008,0.09187445752685164
89,True,,False,insufficient_static_pv_ica,1310302500,1310302500,greenfield,1,False,NONE, ,24807,-123.69789638008073,39.090051852978355,0.5919796845837222,44.609682790856034,34.74960355526524,9.860079235590796,9.86007923559095,0.0,0.0,0.0,0.0,0.0,0.4472049689440994,0.6273291925465838,14.010875129188275,15.877648193013043,2.5474318416705954,1.0,4.0,1545.7377699999997,176.4540833333333,0.0,1.0,controlled_export_or_transmission_study,0.0,0.0,0.0,PG&E 60kV,60,PG&E,Operational,OH,east,5.19217443259382,0.023549440796017517,400.0,113.32754423820846,11.017731392665064,042981101,ELK 1101,4987063,0.0,0.0,12,3.0,May 2026,ELK 1101,ELK,12,1317,177,25,16,17,1024,1163,2187,873.0,2366.0,873.0,High,4.9243,1545.7377699999997,R,AG60,AG,0.7005437564594137,0.4472049689440994,0.6273291925465838,1.0,0.0,0.9890427415146767,0.4824175824175824,0.5171584699453552,0.0,1.0,1.0,0.4112639800995621
90,True,,False,insufficient_static_pv_ica,0272911601,0272911601,greenfield,1,False,43350 CURLEY LN,POINT ARENA,40121,-123.68380564321275,38.903516552297994,0.5919236467504704,82.43095252077819,55.793846242903584,26.637106277874608,26.637106277875233,0.0,0.0,0.0,0.0,0.0,0.7154811715481172,0.5564853556485355,22.684274018685777,6.829410852187641,4.124413457942868,1.0,4.0,1460.8278200000002,166.7611666666667,0.42,0.5800000000000001,controlled_export_or_distribution_upgrade,0.42,613.5476844000001,565.7052097923231,PG&E 60kV,60,PG&E,Operational,OH,east,211.27712842940986,0.0048563152113457525,1600.0,308.90950629780826,624.5308856363812,043381101,POINT ARENA 1101,3321373,300.0,420.0,12,3.0,Feb 2025,POINT ARENA 1101,POINT ARENA,12,713,162,15,24,17,382,687,1069,576.0,1344.0,581.0,Moderate,4.6538,1460.8278200000002,R,RL160,RL,1.0,0.7154811715481172,0.5564853556485355,1.0,0.0,0.5355125862496432,0.2611721611721612,0.2937704918032787,0.21,0.9450683345856266,0.5679594749119405,0.8785921197163562
91,True,,False,insufficient_static_pv_ica,1331500300,1331500300,greenfield,1,False,43001 MOUNTAIN VIEW RD,MANCHESTER,28415,-123.67467084214502,38.9489112147646,0.5907025273804558,274.764062323836,188.4982973825499,86.26576494128611,86.26576494128854,0.0,0.0,0.0,146162.0,531.9545750045504,0.6394799054373522,0.9030732860520094,70.27677048926182,9.142874057646322,12.77759463441124,1.0,4.0,1460.8278200000002,166.7611666666667,0.23,0.77,controlled_export_or_transmission_study,0.23,335.99039860000005,0.0,PG&E 60kV,60,PG&E,Operational,OH,east,662.122798976864,0.009763280690852172,3700.0,869.9920896671589,350.9312212635838,043381101,POINT ARENA 1101,3996793,160.0,230.0,12,3.0,Feb 2025,POINT ARENA 1101,POINT ARENA,12,713,162,15,24,17,382,687,1069,576.0,1344.0,581.0,Moderate,4.6538,1460.8278200000002,R,RL160,RL,1.0,0.6394799054373522,0.9030732860520094,0.9468045424995449,0.0,0.7040321746338095,0.2611721611721612,0.2937704918032787,0.115,0.9450683345856266,1.0,0.7559179827286957
92,True,,False,insufficient_static_pv_ica,1330201100,1330201100,greenfield,1,False,20080 S HWY 1,MANCHESTER,39661,-123.692971179561,38.96016445782422,0.5906986929659337,192.08253912074707,150.50614835115513,41.57639076959194,41.57629010166271,0.0001962139092033833,0.0,0.0,0.0,0.0,0.9263622974963182,0.6892488954344624,69.38719111598003,3.3245936627342547,12.615852930178187,1.0,4.0,1460.8278200000002,166.7611666666667,0.23,0.77,controlled_export_or_distribution_upgrade,0.23,335.99039860000005,602.3775584836601,PG&E 60kV,60,PG&E,Operational,OH,west,1.4404699909432523,0.008066497954522148,2900.0,807.1424210394516,662.8171438091301,043381101,POINT ARENA 1101,3996793,160.0,230.0,12,3.0,Feb 2025,POINT ARENA 1101,POINT ARENA,12,713,162,15,24,17,382,687,1069,576.0,1344.0,581.0,Moderate,4.6538,1460.8278200000002,R,AG60,AG,1.0,0.9263622974963182,0.6892488954344624,1.0,0.0,0.5153973389733436,0.2611721611721612,0.2937704918032787,0.115,0.9450683345856266,0.5475083542610198,0.7983375511369464
93,True,,False,insufficient_static_pv_ica,1310501600,1310501600,greenfield,1,False,11001 S HWY 1,ELK,51566,-123.70019830350971,39.082003957763014,0.5906346565496716,56.251067724917036,34.52991771723502,21.721150007682013,21.721150007681825,0.0,0.0,0.0,0.0,0.0,0.8904109589041096,0.9726027397260274,24.01864307860847,7.079584462783141,4.367026014292449,1.0,4.0,1545.7377699999997,176.4540833333333,0.0,1.0,controlled_export_or_distribution_upgrade,0.0,0.0,356.12394796273037,PG&E 60kV,60,PG&E,Operational,OH,west,2.6060457841706093,0.06539314106694549,2400.0,25.708968672426195,0.0,042981101,ELK 1101,3659826,0.0,0.0,12,3.0,May 2026,ELK 1101,ELK,12,1317,177,25,16,17,1024,1163,2187,873.0,2366.0,873.0,Moderate,4.9243,1545.7377699999997,R,AG60,AG,1.0,0.8904109589041096,0.9726027397260274,1.0,0.0,1.0,0.4824175824175824,0.5171584699453552,0.0,1.0,0.7003858034615181,0.0
94,True,,False,insufficient_static_pv_ica,1330201200,1330201200,greenfield,1,False,44555 STONEBORO RD,MANCHESTER,39070,-123.69503128949695,38.95587273079666,0.5898282256272149,72.26420568753953,61.37722731250588,10.88697837503365,10.886950526310041,0.0,0.0,0.0,0.0,0.0,1.0,0.9257950530035336,58.26744894995758,1.0785641660917826,10.594081627265014,1.0,4.0,1460.8278200000002,166.7611666666667,0.23,0.77,controlled_export_or_distribution_upgrade,0.23,335.99039860000005,831.8277873486204,PG&E 60kV,60,PG&E,Operational,OH,west,13.475569971160429,0.011834520906561535,2600.0,28.097242587606143,579.0221728754857,043381101,POINT ARENA 1101,3996793,160.0,230.0,12,3.0,Feb 2025,POINT ARENA 1101,POINT ARENA,12,713,162,15,24,17,382,687,1069,576.0,1344.0,581.0,Moderate,4.6538,1460.8278200000002,R,AG60,AG,1.0,1.0,0.9257950530035336,1.0,0.0,0.5604461181347277,0.2611721611721612,0.2937704918032787,0.115,0.9450683345856266,0.4352530088872164,0.7041369773359616
95,True,,False,insufficient_static_pv_ica,0275113300,0275113300,greenfield,1,False,46480 IVERSEN RD,GUALALA,39817,-123.64456796324052,38.85729776747897,0.5895816106426159,163.29023383028525,134.15508374483707,29.135150085448174,29.135155948446993,7.63649507935157e-05,0.0,0.0,0.0,0.0,0.7893864013266998,0.33996683250414594,28.911329631658344,6.7275753420967375,5.256605387574244,1.0,4.0,1460.8278200000002,166.7611666666667,0.038,0.962,controlled_export_or_distribution_upgrade,0.038,55.511457160000006,3332.630877966231,PG&E 60kV,60,PG&E,Operational,OH,east,47.55533012498828,0.0013248701311689053,1500.0,190.87593893394327,713.3766718946721,043381101,POINT ARENA 1101,3421771,27.0,38.0,12,3.0,Mar 2026,POINT ARENA 1101,POINT ARENA,12,713,162,15,24,17,382,687,1069,576.0,1344.0,581.0,Very High,4.6538,1460.8278200000002,R,RL160,RL,1.0,0.7893864013266998,0.33996683250414594,1.0,0.0,0.48998687600732577,0.2611721611721612,0.2937704918032787,0.019,0.9450683345856266,0.035699061538957244,0.9668782467207774
96,True,,False,insufficient_static_pv_ica,0270112500,0270112500,greenfield,1,False,NONE, ,57136,-123.71717418469586,38.93232173932577,0.5888348623637548,376.28074442787283,228.64211970464476,147.63862472322808,147.63860054173858,9.545247899996031e-05,0.45261195769699786,0.0,0.0,0.0,0.9411196911196911,0.8166023166023166,64.7168994062506,3.649831994296232,11.766708982954656,1.0,4.0,1460.8278200000002,166.7611666666667,0.196,0.804,controlled_export_or_distribution_upgrade,0.196,286.32225272000005,2672.0409856575725,PG&E 60kV,60,PG&E,Operational,OH,west,3.731429699527666,0.01875090929436886,1400.0,112.48854918534525,0.0,043381101,POINT ARENA 1101,3064705,106.0,196.0,12,3.0,Mar 2026,POINT ARENA 1101,POINT ARENA,12,713,162,15,24,17,382,687,1069,576.0,1344.0,581.0,Moderate,4.6538,1460.8278200000002,R,AG60,AG,1.0,0.9411196911196911,0.8166023166023166,1.0,0.0,1.0,0.2611721611721612,0.2937704918032787,0.098,0.9450683345856266,0.06911102665196694,0.5312272676407785
97,True,,False,insufficient_static_pv_ica,1310301100,1310301100,greenfield,1,False,NONE, ,33348,-123.702097615987,39.086239502698376,0.5887342678975035,47.22170553660785,43.0991156346,4.122589902007853,4.1225899020071335,0.0,0.0,0.0,6172.0,130.70260656331564,0.885,0.965,38.02951820779675,6.260270095976937,6.914457855963045,1.0,4.0,1545.7377699999997,176.4540833333333,0.0,1.0,controlled_export_or_distribution_upgrade,0.0,0.0,369.74200662747256,PG&E 60kV,60,PG&E,Operational,OH,west,9.444315272409364,0.041793449733631235,900.0,139.53916296822018,0.0,042981101,ELK 1101,3959051,0.0,0.0,12,3.0,May 2026,ELK 1101,ELK,12,1317,177,25,16,17,1024,1163,2187,873.0,2366.0,873.0,Moderate,4.9243,1545.7377699999997,R,AG60,AG,1.0,0.885,0.965,0.9869297393436685,0.0,1.0,0.4824175824175824,0.5171584699453552,0.0,1.0,0.6909125585066522,0.0
98,True,,False,insufficient_static_pv_ica,1330101200,1330101200,greenfield,1,False,18600 S HWY 1,MANCHESTER,34398,-123.69130348446677,38.979702810742644,0.5884184547421918,25.818898396336056,25.407436224262756,0.4114621720732998,0.41146217207396363,0.0,0.0,0.0,4527.0,175.33668286337203,1.0,0.954954954954955,23.57385339196757,0.7605970637772412,4.286155162175922,1.0,4.0,1460.8278200000002,166.7611666666667,0.0,1.0,controlled_export_or_distribution_upgrade,0.0,0.0,609.5009199914392,PG&E 60kV,60,PG&E,Operational,OH,west,2.5639250257964,0.06025489072160614,2700.0,50.90572726736351,0.0,042981101,ELK 1101,4993868,0.0,0.0,12,3.0,May 2026,ELK 1101,ELK,12,1317,177,25,16,17,1024,1163,2187,873.0,2366.0,873.0,Moderate,4.6538,1460.8278200000002,R,RL160,RL,1.0,1.0,0.954954954954955,0.9824663317136628,0.0,1.0,0.4824175824175824,0.5171584699453552,0.0,0.9450683345856266,0.5436221123112973,0.0
99,True,,False,insufficient_static_pv_ica,1330600200,1330600200,greenfield,1,False,43600 CRISPIN RD,MANCHESTER,33675,-123.68283400119765,38.97913764608584,0.5877697392392623,56.67163086321819,49.310649628083226,7.360981235134965,7.360981235134991,0.0,0.0,0.0,47135.0,831.7212559801629,1.0,1.0,50.26123459042143,3.390935987500379,9.138406289167532,1.0,4.0,1460.8278200000002,166.7611666666667,0.0,1.0,controlled_export_or_transmission_study,0.0,0.0,0.0,PG&E 60kV,60,PG&E,Operational,OH,east,79.31703131905832,0.055401935835427754,2400.0,212.2785891526298,0.0,042981101,ELK 1101,4140078,0.0,0.0,12,3.0,May 2026,ELK 1101,ELK,12,1317,177,25,16,17,1024,1163,2187,873.0,2366.0,873.0,Moderate,4.6538,1460.8278200000002, ,RL160,RL,1.0,1.0,1.0,0.9168278744019838,0.0,1.0,0.4824175824175824,0.5171584699453552,0.0,0.9450683345856266,1.0,0.0
100,True,,False,insufficient_static_pv_ica,1322300700,1322300700,greenfield,1,False,18251 S HWY 1,MANCHESTER,38075,-123.6824183124708,38.98564148069351,0.5875864166339193,66.98954477997523,40.99283571702505,25.99670906295018,25.99670906295037,0.0,0.0,0.0,0.0,0.0,0.8797814207650273,0.8907103825136612,28.02175025837655,5.788101291276314,5.094863683341191,1.0,4.0,1460.8278200000002,166.7611666666667,0.0,1.0,controlled_export_or_transmission_study,0.0,0.0,0.0,PG&E 60kV,60,PG&E,Operational,OH,east,5.3634567486770806,0.03978957804768158,3300.0,40.73602541321379,0.0,042981101,ELK 1101,4450421,0.0,0.0,12,3.0,May 2026,ELK 1101,ELK,12,1317,177,25,16,17,1024,1163,2187,873.0,2366.0,873.0,Moderate,4.6538,1460.8278200000002, ,RL160,RL,1.0,0.8797814207650273,0.8907103825136612,1.0,0.0,1.0,0.4824175824175824,0.5171584699453552,0.0,0.9450683345856266,1.0,0.005260548807960563
101,True,,True,,1271000100,1271000100,greenfield,1,False,NONE, ,30663,-123.73461968509979,39.1434665066124,0.5851791040825888,41.38267249377938,25.429618782989653,15.953053710789728,15.953053710789142,0.0,0.0,0.0,0.0,0.0,0.7567567567567568,0.972972972972973,18.013982308956354,8.535765750088649,3.2752695107193373,1.0,4.0,1545.7377699999997,176.4540833333333,1.18,0.0,static_distribution,0.873,1349.4290732099998,613.0655856736042,PG&E 60kV,60,PG&E,Operational,OH,west,2.383609748702463,0.034155837560109925,4500.0,77.38964096723467,304.1924437291993,042981101,ELK 1101,3233329,820.0,1180.0,12,3.0,Apr 2025,ELK 1101,ELK,12,1317,177,25,16,17,1024,1163,2187,873.0,2366.0,873.0,Moderate,4.9243,1545.7377699999997,R,RL160,RL,0.9006991154478177,0.7567567567567568,0.972972972972973,1.0,0.0,0.7377188834161317,0.4824175824175824,0.5171584699453552,0.59,1.0,0.5416877309831661,0.14610406099725193
102,True,,False,insufficient_static_pv_ica,1310501800,1310501800,greenfield,1,False,11001 S HWY 1,ELK,24660,-123.69948400938685,39.079158793604776,0.5845040090018102,67.13048229784674,41.23247545357979,25.898006844266952,25.898006844266238,0.0,0.0,0.0,21443.0,319.4227013722468,0.824468085106383,0.973404255319149,24.241037921928918,8.936962055338238,4.407461440350712,1.0,4.0,1545.7377699999997,176.4540833333333,0.0,1.0,controlled_export_or_distribution_upgrade,0.0,0.0,309.1732663050093,PG&E 60kV,60,PG&E,Operational,OH,crosses,0.0,0.051215275155646854,2800.0,125.82789255409915,0.0,042981101,ELK 1101,3516541,0.0,0.0,12,3.0,May 2026,ELK 1101,ELK,12,1317,177,25,16,17,1024,1163,2187,873.0,2366.0,873.0,Moderate,4.9243,1545.7377699999997,R,AG60,AG,1.0,0.824468085106383,0.973404255319149,0.9680577298627753,0.0,1.0,0.4824175824175824,0.5171584699453552,0.0,1.0,0.734053572256894,0.0
103,True,,False,insufficient_static_pv_ica,1311104500,1311104500,greenfield,1,False,NONE, ,45472,-123.68146601935666,39.037278782841206,0.584408124637896,148.78928941750087,112.54804169347254,36.24124772402833,36.24124772402933,0.0,0.0,0.0,0.0,0.0,0.38,0.558,19.570746212199495,16.551949615933264,3.558317493127181,1.0,4.0,1545.7377699999997,176.4540833333333,0.4,0.6,controlled_export_or_transmission_study,0.4,618.2951079999999,0.0,PG&E 60kV,60,PG&E,Operational,OH,east,13.004208732770968,0.02249986071883047,600.0,146.95731904731826,662.2130406832463,042981101,ELK 1101,4185824,290.0,400.0,12,3.0,Apr 2025,ELK 1101,ELK,12,1317,177,25,16,17,1024,1163,2187,873.0,2366.0,873.0,Moderate,4.9243,1545.7377699999997,R,RL160,RL,0.9785373106099747,0.38,0.558,1.0,0.0,0.5157087861805337,0.4824175824175824,0.5171584699453552,0.2,1.0,1.0,0.4375034820292383
104,True,,False,insufficient_static_pv_ica,1310700200,1310700200,greenfield,1,False,NONE, ,24680,-123.69265794649034,39.06806429317795,0.5823697941160756,33.9332109057335,20.93635478822494,12.996856117508564,12.996856117509385,0.0,0.0,0.0,0.0,0.0,1.0,0.8865979381443299,17.569192622315455,3.814836581009448,3.19439865860281,1.0,4.0,1545.7377699999997,176.4540833333333,0.0,1.0,controlled_export_or_distribution_upgrade,0.0,0.0,223.92829888576725,PG&E 60kV,60,PG&E,Operational,OH,crosses,0.0,0.05761924798889064,2700.0,32.04138312457515,0.0,042981101,ELK 1101,4993913,0.0,0.0,12,3.0,May 2026,ELK 1101,ELK,12,1317,177,25,16,17,1024,1163,2187,873.0,2366.0,873.0,Moderate,4.9243,1545.7377699999997,R,RL160,RL,0.8784596311157727,1.0,0.8865979381443299,1.0,0.0,1.0,0.4824175824175824,0.5171584699453552,0.0,1.0,0.7993724482098311,0.0
105,True,,False,insufficient_static_pv_ica,1311002200,1311002200,greenfield,1,False,13801 S HWY 1,ELK,60958,-123.68399953774923,39.042760262562346,0.582038554881866,23.409323173821967,23.26861228853651,0.14071088528545772,0.1407108852849981,0.0,0.0,0.0,0.0,0.0,1.0,0.9150943396226415,21.572299802083535,2.8309373103922577,3.922236327651552,1.0,4.0,1545.7377699999997,176.4540833333333,0.4,0.6,controlled_export_or_distribution_upgrade,0.4,618.2951079999999,129.59991017217934,PG&E 60kV,60,PG&E,Operational,OH,east,7.598347672558127,0.08312213066807103,3100.0,34.35661081738756,257.00596368265826,042981101,ELK 1101,4185824,290.0,400.0,12,3.0,Apr 2025,ELK 1101,ELK,12,1317,177,25,16,17,1024,1163,2187,873.0,2366.0,873.0,Moderate,4.9243,1545.7377699999997,R,AG60,AG,1.0,1.0,0.9150943396226415,1.0,0.0,0.7733636016565968,0.4824175824175824,0.5171584699453552,0.2,1.0,0.878446818258891,0.0
106,True,,False,insufficient_static_pv_ica,1310500700,1310500700,greenfield,1,False,11500 S HWY 1,ELK,37499,-123.69404098664062,39.07176791134816,0.5816727843662188,17.802170326664942,17.802170326664942,0.0,0.0,0.0,0.0,0.0,0.0,0.0,1.0,0.9390243902439024,17.124402935674556,3.4776217280496073,3.113527806486283,1.0,4.0,1545.7377699999997,176.4540833333333,0.0,1.0,controlled_export_or_distribution_upgrade,0.0,0.0,229.68117477287407,PG&E 60kV,60,PG&E,Operational,OH,west,3.8264801718112977,0.05630637043909047,2300.0,37.07581956053584,0.0,042981101,ELK 1101,4246873,0.0,0.0,12,3.0,May 2026,ELK 1101,ELK,12,1317,177,25,16,17,1024,1163,2187,873.0,2366.0,873.0,Moderate,4.9243,1545.7377699999997,R,AG60,AG,0.8562201467837278,1.0,0.9390243902439024,1.0,0.0,1.0,0.4824175824175824,0.5171584699453552,0.0,1.0,0.794786960245885,0.0
107,True,,False,insufficient_static_pv_ica,1270200500,1270200500,greenfield,1,False,NONE, ,30683,-123.73514848577348,39.16690344321231,0.5807215723667045,186.76384553802706,185.3136480047536,1.4501975332734673,1.4501975332749397,0.0,0.0,0.0,0.0,0.0,0.517490952955368,0.7334137515078407,33.13683165474687,13.509928750350472,6.024878482681249,1.0,4.0,1545.7377699999997,176.4540833333333,0.0,1.0,controlled_export_or_transmission_study,0.0,0.0,0.0,PG&E 60kV,60,PG&E,Operational,OH,crosses,0.0,0.0365566816544984,2700.0,63.98965746564291,0.0,042981101,ELK 1101,3911606,0.0,0.0,12,3.0,May 2026,ELK 1101,ELK,12,1317,177,25,16,17,1024,1163,2187,873.0,2366.0,873.0,Moderate,4.9243,1545.7377699999997,R,RL160,RL,1.0,0.517490952955368,0.7334137515078407,1.0,0.0,1.0,0.4824175824175824,0.5171584699453552,0.0,1.0,1.0,0.08608295863754001
108,True,,False,insufficient_static_pv_ica,1321801400,1321801400,greenfield,1,False,NONE, ,38920,-123.6871260381023,39.00288053312577,0.5796341384697914,20.049907118777185,19.19375923609032,0.8561478826868658,0.8561478826878535,0.0,0.0,0.0,0.0,0.0,0.6585365853658537,0.9390243902439024,12.009321539304235,7.8795960908259985,2.1835130071462245,1.0,4.0,1545.7377699999997,176.4540833333333,0.0,1.0,controlled_export_or_distribution_upgrade,0.0,0.0,415.80158704890385,PG&E 60kV,60,PG&E,Operational,OH,east,11.767122785255484,0.024766913373624393,4000.0,242.46421378300124,210.17157049309708,042981101,ELK 1101,4608765,0.0,0.0,12,3.0,May 2026,ELK 1101,ELK,12,1317,177,25,16,17,1024,1163,2187,873.0,2366.0,873.0,Moderate,4.9243,1545.7377699999997,R,RL160,RL,0.6004660769652117,0.6585365853658537,0.9390243902439024,1.0,0.0,0.8104451855610819,0.4824175824175824,0.5171584699453552,0.0,1.0,0.6598111725795418,0.38082716565939023
109,True,,False,insufficient_static_pv_ica,0272911701,0272911701,greenfield,1,False,43100 CURLEY LN,POINT ARENA,31419,-123.68057434761228,38.8997022885507,0.5794433972453218,122.0583461579342,109.45387717583786,12.604468982096336,12.604444532084507,0.0,0.0,0.0,0.0,0.0,0.8909090909090909,0.7272727272727273,71.61113954918451,4.305036035115461,13.020207190760821,1.0,4.0,1460.8278200000002,166.7611666666667,0.42,0.5800000000000001,controlled_export_or_distribution_upgrade,0.42,613.5476844000001,709.2411401709005,PG&E 60kV,60,PG&E,Operational,OH,east,1.0400817738942834,0.008380395861586502,1300.0,184.53361315862566,966.2538854796451,043381101,POINT ARENA 1101,3321373,300.0,420.0,12,3.0,Feb 2025,POINT ARENA 1101,POINT ARENA,12,713,162,15,24,17,382,687,1069,576.0,1344.0,581.0,Moderate,4.6538,1460.8278200000002,R,RL160,RL,1.0,0.8909090909090909,0.7272727272727273,1.0,0.0,0.38050578980843525,0.2611721611721612,0.2937704918032787,0.21,0.9450683345856266,0.49201742808958265,0.7904901034603374
110,True,,False,insufficient_static_pv_ica,1330101600,1330101600,greenfield,1,False,NONE, ,39022,-123.69219924387176,38.975207380230714,0.5794100048648808,41.40410727517932,38.89156709041177,2.512540184767552,2.5125401847663014,0.0,0.0,0.0,0.0,0.0,1.0,0.9884393063583815,38.02951820779675,0.8803448220759846,6.914457855963045,1.0,4.0,1460.8278200000002,166.7611666666667,0.0,1.0,controlled_export_or_distribution_upgrade,0.0,0.0,585.0632954276731,PG&E 60kV,60,PG&E,Operational,OH,west,1.5183023989753812,0.046362108554813944,1500.0,314.547997938215,161.0616408541272,042981101,ELK 1101,4913641,0.0,0.0,12,3.0,May 2026,ELK 1101,ELK,12,1317,177,25,16,17,1024,1163,2187,873.0,2366.0,873.0,Moderate,4.6538,1460.8278200000002,R,AG60,AG,1.0,1.0,0.9884393063583815,1.0,0.0,0.8512395983540256,0.4824175824175824,0.5171584699453552,0.0,0.9450683345856266,0.5570706006743374,0.0
111,True,,False,insufficient_static_pv_ica,0272911900,0272911900,greenfield,1,False,42900 CURLEY LN,POINT ARENA,39084,-123.67239938832012,38.90312149546332,0.5791890387747389,198.16757130062314,155.59204750438323,42.57552379623991,42.575523796236745,0.0,0.0,0.0,717954.0,3622.9641171251637,0.7393162393162394,0.6609686609686609,89.40272701482041,7.003499042336861,16.255041275421892,1.0,4.0,1460.8278200000002,166.7611666666667,0.42,0.5800000000000001,controlled_export_or_transmission_study,0.42,613.5476844000001,1.2521103295572902,PG&E 60kV,60,PG&E,Operational,OH,east,532.4144945335388,0.00010968806691739893,200.0,2551.018596864666,695.5990897174615,043381101,POINT ARENA 1101,4183050,300.0,420.0,12,3.0,Feb 2025,POINT ARENA 1101,POINT ARENA,12,713,162,15,24,17,382,687,1069,576.0,1344.0,581.0,Moderate,4.6538,1460.8278200000002,R,RL160,RL,1.0,0.7393162393162394,0.6609686609686609,0.6377035882874836,0.0,0.49877554715824607,0.2611721611721612,0.2937704918032787,0.21,0.9450683345856266,0.9987486732335115,0.9972577983270651
112,True,,False,insufficient_static_pv_ica,0272910900,0272910900,greenfield,1,False,NONE, ,37530,-123.66417695638158,38.90600232430887,0.5781400846217823,61.016734908131866,51.207175877523866,9.809559030608,9.809559030608474,0.0,0.0,0.0,0.0,0.0,0.5022421524663677,0.4125560538116592,18.013982308956354,15.105906726974517,3.2752695107193373,1.0,4.0,1460.8278200000002,166.7611666666667,0.083,0.917,controlled_export_or_transmission_study,0.083,121.24870906000002,0.0,PG&E 60kV,60,PG&E,Operational,OH,east,1658.5617842990403,0.0003584370950212031,300.0,2129.9047661348927,794.3520360415046,043381101,POINT ARENA 1101,3453132,62.0,83.0,12,3.0,Mar 2026,POINT ARENA 1101,POINT ARENA,12,713,162,15,24,17,382,687,1069,576.0,1344.0,581.0,Moderate,4.6538,1460.8278200000002,R,FL160,TP,0.9006991154478177,0.5022421524663677,0.4125560538116592,1.0,0.0,0.45187393810747095,0.2611721611721612,0.2937704918032787,0.0415,0.9450683345856266,1.0,0.9910390726244699
113,True,,False,insufficient_static_pv_ica,1310300600,1310300600,greenfield,1,False,NONE, ,32032,-123.70332134564214,39.09015768749405,0.5779212788657206,31.266670701374277,15.725684366506368,15.54098633486791,15.540986334867947,0.0,0.0,0.0,0.0,0.0,1.0,0.8571428571428571,13.343690599226928,1.6958612804124678,2.426125563495805,1.0,4.0,1545.7377699999997,176.4540833333333,0.0,1.0,controlled_export_or_distribution_upgrade,0.0,0.0,335.8272480973193,PG&E 60kV,60,PG&E,Operational,OH,west,9.571817224766454,0.03509095837668853,1000.0,61.0858856764379,0.0,042981101,ELK 1101,4987063,0.0,0.0,12,3.0,May 2026,ELK 1101,ELK,12,1317,177,25,16,17,1024,1163,2187,873.0,2366.0,873.0,Moderate,4.9243,1545.7377699999997,R,AG60,AG,0.6671845299613464,1.0,0.8571428571428571,1.0,0.0,1.0,0.4824175824175824,0.5171584699453552,0.0,1.0,0.7147465689812279,0.12272604058278669
114,True,,False,insufficient_static_pv_ica,1322200400,1322200400,greenfield,1,False,17001 S HIGHWAY 1,MANCHESTER,26275,-123.67770657523161,38.99955661257719,0.5769625243456604,140.99199838631304,107.88931715532293,33.102681230990115,33.10268123099068,0.0,0.0,0.0,88154.0,625.2411555899873,0.4090909090909091,0.6508264462809917,11.11974216602244,11.818426195255146,2.021771302913171,1.0,4.0,1460.8278200000002,166.7611666666667,0.0,1.0,controlled_export_or_transmission_study,0.0,0.0,0.0,PG&E 60kV,60,PG&E,Operational,OH,east,239.44768439747335,0.020920017485490924,2300.0,1190.0849132166231,0.0,042981101,ELK 1101,5124584,0.0,0.0,12,3.0,May 2026,ELK 1101,ELK,12,1317,177,25,16,17,1024,1163,2187,873.0,2366.0,873.0,Moderate,4.6538,1460.8278200000002, ,RL160,RL,0.5559871083011221,0.4090909090909091,0.6508264462809917,0.9374758844410013,0.0,1.0,0.4824175824175824,0.5171584699453552,0.0,0.9450683345856266,1.0,0.47699956286272693
115,True,,False,insufficient_static_pv_ica,0272912100,0272912100,greenfield,1,False,42951 EUREKA HILL RD,POINT ARENA,39032,-123.67455205710314,38.909643157756044,0.576731852495842,38.50241847389254,26.870811266402097,11.631607207490443,11.631607207490449,0.0,0.0,0.0,169516.0,4402.736418101743,0.6528925619834711,0.9173553719008265,16.45721840571321,7.796256626417076,2.9922215283114926,1.0,4.0,1460.8278200000002,166.7611666666667,0.42,0.5800000000000001,controlled_export_or_transmission_study,0.42,613.5476844000001,0.0,PG&E 60kV,60,PG&E,Operational,OH,east,1354.5603385565414,0.0,0.0,,301.74334549428164,043381101,POINT ARENA 1101,4183050,300.0,420.0,12,3.0,Feb 2025,POINT ARENA 1101,POINT ARENA,12,713,162,15,24,17,382,687,1069,576.0,1344.0,581.0,Moderate,4.6538,1460.8278200000002,R,RL160,RL,0.8228609202856605,0.6528925619834711,0.9173553719008265,0.5597263581898257,0.0,0.7395278436878849,0.2611721611721612,0.2937704918032787,0.21,0.9450683345856266,1.0,1.0
116,True,,False,insufficient_static_pv_ica,0272211800,0272211800,greenfield,1,False,43451 EUREKA HILL RD,POINT ARENA,35265,-123.67882870998663,38.91059951998409,0.5763772273875772,44.420193830613606,35.10910290020222,9.311090930411389,9.31109093041194,0.0,0.0,0.0,410806.0,9248.181166577437,1.0,0.7792207792207793,20.682720428801737,2.0837251617379886,3.7604946234184977,1.0,4.0,1460.8278200000002,166.7611666666667,0.42,0.5800000000000001,controlled_export_or_transmission_study,0.42,613.5476844000001,0.0,PG&E 60kV,60,PG&E,Operational,OH,east,893.0236454896099,0.0009355452717824585,300.0,1538.8111253588336,1.9380950328473807,043381101,POINT ARENA 1101,4183050,300.0,420.0,12,3.0,Feb 2025,POINT ARENA 1101,POINT ARENA,12,713,162,15,24,17,382,687,1069,576.0,1344.0,581.0,High,4.6538,1460.8278200000002, , , ,1.0,1.0,0.7792207792207793,0.07518188334225628,0.0,0.9980637818606024,0.2611721611721612,0.2937704918032787,0.21,0.9450683345856266,1.0,0.9766113682054386
117,True,,False,insufficient_static_pv_ica,0270510400,0270510400,greenfield,1,False,24000 WINDY HOLLOW RD,POINT ARENA,32210,-123.6979965378417,38.91998022089759,0.5742942692816231,40.40579179071445,27.167138779195835,13.238653011518618,13.238653011518931,0.0,0.0,0.0,191395.0,4736.820923875175,0.7916666666666666,0.9166666666666666,19.570746212199495,7.350986513489602,3.558317493127181,1.0,4.0,1460.8278200000002,166.7611666666667,0.31,0.69,controlled_export_or_distribution_upgrade,0.31,452.85662420000006,1277.1676038232315,PG&E 60kV,60,PG&E,Operational,OH,east,319.70220863516596,0.0007919146110358789,200.0,1134.523978993402,493.0424620227401,043381101,POINT ARENA 1101,5572516,220.0,310.0,12,3.0,Feb 2025,POINT ARENA 1101,POINT ARENA,12,713,162,15,24,17,382,687,1069,576.0,1344.0,581.0,Moderate,4.6538,1460.8278200000002,R,RL160,RL,0.9785373106099747,0.7916666666666666,0.9166666666666666,0.5263179076124824,0.0,0.6107653341837554,0.2611721611721612,0.2937704918032787,0.155,0.9450683345856266,0.27882592856639454,0.980202134724103
118,True,,False,insufficient_static_pv_ica,0270210500,0270210500,greenfield,1,False,NONE, ,38149,-123.695752569884,38.93718658299918,0.5736807720545344,48.265145388536325,35.60133238839196,12.663813000144366,12.663857207296038,0.0,0.6459365158760788,0.0,0.0,0.0,0.5679012345679012,0.7901234567901234,18.236377152276802,10.091652501744962,3.3157049367776,1.0,4.0,1460.8278200000002,166.7611666666667,0.196,0.804,controlled_export_or_distribution_upgrade,0.196,286.32225272000005,1241.8673424908422,PG&E 60kV,60,PG&E,Operational,OH,east,17.881683054190635,0.015838381456844887,2900.0,775.4301949355505,0.0,043381101,POINT ARENA 1101,3513301,106.0,196.0,12,3.0,Mar 2026,POINT ARENA 1101,POINT ARENA,12,713,162,15,24,17,382,687,1069,576.0,1344.0,581.0,Moderate,4.6538,1460.8278200000002,R,AG60,AG,0.9118188576138401,0.5679012345679012,0.7901234567901234,1.0,0.0,1.0,0.2611721611721612,0.2937704918032787,0.098,0.9450683345856266,0.2888443427155635,0.6040404635788779
119,True,,False,insufficient_static_pv_ica,1331501201,1331501201,greenfield,1,False,NONE, ,38520,-123.66288775802927,38.942182897713394,0.5736282589677404,79.27470399522203,79.27470399522203,0.0,0.0,0.0,0.0,0.0,0.0,0.0,0.505524861878453,0.30939226519337015,17.346797778995008,14.025979778162363,3.153963232544547,1.0,4.0,1460.8278200000002,166.7611666666667,0.018,0.982,controlled_export_or_distribution_upgrade,0.018,26.29490076,802.9934603771412,PG&E 60kV,60,PG&E,Operational,OH,east,2112.4604097337806,0.002051755251910172,1400.0,2255.8124874285654,461.5420485601016,043381101,POINT ARENA 1101,3736626,12.0,18.0,12,3.0,Mar 2026,POINT ARENA 1101,POINT ARENA,12,713,162,15,24,17,382,687,1069,576.0,1344.0,581.0,High,4.6538,1460.8278200000002,R,RL160,RL,0.8673398889497503,0.505524861878453,0.30939226519337015,1.0,0.0,0.6303109256537345,0.2611721611721612,0.2937704918032787,0.009,0.9450683345856266,0.4479859268341718,0.9487061187022457
120,True,,False,insufficient_static_pv_ica,1311000400,1311000400,greenfield,1,False,13200 S HWY 1,ELK,43712,-123.68916021565835,39.0488780300278,0.5729494908556083,105.41661639709955,57.91025740050495,47.50635899659459,47.50635899659325,0.0,0.0,0.0,44765.0,424.64842384403903,0.7115384615384616,0.926923076923077,21.794694645403982,9.689825271545729,3.962671753709815,1.0,4.0,1545.7377699999997,176.4540833333333,0.4,0.6,controlled_export_or_distribution_upgrade,0.4,618.2951079999999,419.35271971174274,PG&E 60kV,60,PG&E,Operational,OH,west,84.1107451504476,0.056749174233759844,1500.0,121.53784279709151,87.40506144665223,042981101,ELK 1101,4185824,290.0,400.0,12,3.0,Apr 2025,ELK 1101,ELK,12,1317,177,25,16,17,1024,1163,2187,873.0,2366.0,873.0,Moderate,4.9243,1545.7377699999997,R,RL160,RL,1.0,0.7115384615384616,0.926923076923077,0.9575351576155962,0.0,0.9163058602743238,0.4824175824175824,0.5171584699453552,0.2,1.0,0.6574722509417227,0.0
121,True,,False,insufficient_static_pv_ica,1322202500,1322202500,greenfield,1,False,NONE, ,511,-123.67859577230176,39.008947261612924,0.5721408640302439,160.3110778119115,126.31266004144062,33.99841777047088,33.99841777047036,0.0,0.0,0.0,0.0,0.0,0.6017391304347826,0.7373913043478261,25.797801825172062,9.512089774643714,4.690509422758557,1.0,4.0,1545.7377699999997,176.4540833333333,0.0,1.0,controlled_export_or_transmission_study,0.0,0.0,0.0,PG&E 60kV,60,PG&E,Operational,OH,east,170.16808363950886,0.06933885185160722,3200.0,178.29026034481103,0.0,042981101,ELK 1101,3745190,0.0,0.0,12,3.0,May 2026,ELK 1101,ELK,12,1317,177,25,16,17,1024,1163,2187,873.0,2366.0,873.0,Moderate,4.9243,1545.7377699999997,R,RL160,RL,1.0,0.6017391304347826,0.7373913043478261,1.0,0.0,1.0,0.4824175824175824,0.5171584699453552,0.0,1.0,1.0,0.0
122,True,,False,insufficient_static_pv_ica,1310700800,1310700800,greenfield,1,False,12451 S HWY 1,ELK,30273,-123.68774787463602,39.0650096336088,0.5699631226236247,32.11439401130754,24.239244857934832,7.875149153372707,7.875149153373634,0.0,0.0,0.0,0.0,0.0,0.9357798165137615,0.9357798165137615,15.122849345790518,4.7958132577536245,2.7496089719619126,1.0,4.0,1545.7377699999997,176.4540833333333,0.0,1.0,controlled_export_or_transmission_study,0.0,0.0,23.94585718979666,PG&E 60kV,60,PG&E,Operational,OH,crosses,0.0,0.07340326113346761,3100.0,47.789232362935635,2.6167144242847917,042981101,ELK 1101,3993684,0.0,0.0,12,3.0,May 2026,ELK 1101,ELK,12,1317,177,25,16,17,1024,1163,2187,873.0,2366.0,873.0,Moderate,4.9243,1545.7377699999997,R,RL160,RL,0.7561424672895259,0.9357798165137615,0.9357798165137615,1.0,0.0,0.9973867061886648,0.4824175824175824,0.5171584699453552,0.0,1.0,0.9763385700407862,0.0
123,True,,False,insufficient_static_pv_ica,1310800100,1310800100,greenfield,1,False,12350 S HWY 1,ELK,35821,-123.69135157062094,39.06139001055198,0.5672881180960477,52.51875425992956,37.5747442230994,14.944010036830157,14.944010036831983,0.0,0.0,0.0,89468.0,1703.5438342120342,0.8011695906432749,0.935672514619883,29.356119318299243,8.236585301380606,5.337476239690772,1.0,4.0,1545.7377699999997,176.4540833333333,0.0,1.0,controlled_export_or_distribution_upgrade,0.0,0.0,467.96840742137675,PG&E 60kV,60,PG&E,Operational,OH,west,8.443863192566065,0.0774697459445267,2800.0,78.33304370110054,0.0,042981101,ELK 1101,3679924,0.0,0.0,12,3.0,May 2026,ELK 1101,ELK,12,1317,177,25,16,17,1024,1163,2187,873.0,2366.0,873.0,Moderate,4.9243,1545.7377699999997,R,RL160,RL,1.0,0.8011695906432749,0.935672514619883,0.8296456165787965,0.0,1.0,0.4824175824175824,0.5171584699453552,0.0,1.0,0.6262733089337725,0.0
124,True,,False,insufficient_static_pv_ica,1310700400,1310700400,greenfield,1,False,12000 S HWY 1,ELK,36185,-123.69433181119001,39.06531104734476,0.5672676973962918,40.91991871687116,33.623688664759044,7.296230052112115,7.2962300521127545,0.0,0.0,0.0,88209.0,2155.6494432534564,0.8421052631578947,0.9736842105263158,27.799355415056098,7.057759413766589,5.054428257282927,1.0,4.0,1545.7377699999997,176.4540833333333,0.0,1.0,controlled_export_or_distribution_upgrade,0.0,0.0,277.5688536019221,PG&E 60kV,60,PG&E,Operational,OH,crosses,0.0,0.06898807540422243,3400.0,138.2666059782346,0.0,042981101,ELK 1101,3993684,0.0,0.0,12,3.0,May 2026,ELK 1101,ELK,12,1317,177,25,16,17,1024,1163,2187,873.0,2366.0,873.0,Moderate,4.9243,1545.7377699999997,R,RL160,RL,1.0,0.8421052631578947,0.9736842105263158,0.7844350556746543,0.0,1.0,0.4824175824175824,0.5171584699453552,0.0,1.0,0.7576233977072231,0.0
125,True,,True,,1272100300,1272100300,greenfield,1,True,5915 S HWY 1,ELK,24353,-123.71442840254765,39.13212320558071,0.5651431383623284,13.627743857237398,13.627743857237398,0.0,0.0,0.0,0.0,0.0,0.0,0.0,0.8983050847457628,0.9322033898305084,10.897347322701991,5.290556038316444,1.9813358768549074,1.0,4.0,1545.7377699999997,176.4540833333333,1.18,0.0,static_distribution,0.873,1349.4290732099998,0.0,PG&E 60kV,60,PG&E,Operational,OH,east,40.347479772654346,0.03305937827456692,1000.0,119.90254644025883,287.42300654273697,042981101,ELK 1101,4716972,820.0,1180.0,12,3.0,Apr 2025,ELK 1101,ELK,12,1317,177,25,16,17,1024,1163,2187,873.0,2366.0,873.0,Moderate,4.9243,1545.7377699999997,R,RR10,RR,0.5448673661350996,0.8983050847457628,0.9322033898305084,1.0,0.0,0.750194324602136,0.4824175824175824,0.5171584699453552,0.59,1.0,1.0,0.17351554313582707
126,True,,True,,1271500100,1271500100,greenfield,1,False,5801 S HWY 1,ELK,33970,-123.71157335273759,39.132869061030355,0.5624728202646736,81.37033973108372,78.91985272050128,2.4504870105824352,2.4504870105817504,0.0,0.0,0.0,83181.0,1022.2520917929093,0.32294617563739375,0.8271954674220963,20.23793074216084,17.057617953372464,3.679623771301971,1.0,4.0,1545.7377699999997,176.4540833333333,1.18,0.0,static_distribution,0.873,1349.4290732099998,0.0,PG&E 60kV,60,PG&E,Operational,OH,east,9.488751042968824,0.04269961965016354,1600.0,69.34616175782993,0.0,042981101,ELK 1101,4716972,820.0,1180.0,12,3.0,Apr 2025,ELK 1101,ELK,12,1317,177,25,16,17,1024,1163,2187,873.0,2366.0,873.0,Moderate,4.9243,1545.7377699999997,R,RL160,RL,1.0,0.32294617563739375,0.8271954674220963,0.8977747908207091,0.0,1.0,0.4824175824175824,0.5171584699453552,0.59,1.0,1.0,0.0
127,True,,True,,1271400300,1271400300,greenfield,1,False,NONE, ,26697,-123.71078843385068,39.13641737925087,0.5611030769569696,111.09291471052875,94.57424089254012,16.518673817988628,16.51867381798803,0.0,0.0,0.0,0.0,0.0,0.30465116279069765,0.5906976744186047,14.678059659149621,19.1783539008086,2.668738119845386,1.0,4.0,1545.7377699999997,176.4540833333333,1.18,0.0,static_distribution,0.873,1349.4290732099998,0.0,PG&E 60kV,60,PG&E,Operational,OH,east,15.2676952561789,0.024551737537622395,1900.0,88.99679635934882,573.2300309202374,042981101,ELK 1101,4716972,820.0,1180.0,12,3.0,Apr 2025,ELK 1101,ELK,12,1317,177,25,16,17,1024,1163,2187,873.0,2366.0,873.0,High,4.9243,1545.7377699999997,R,RL160,RL,0.733902982957481,0.30465116279069765,0.5906976744186047,1.0,0.0,0.5637017209642796,0.4824175824175824,0.5171584699453552,0.59,1.0,1.0,0.3862065615594401
128,True,,False,insufficient_static_pv_ica,0270311100,0270311100,greenfield,1,False,NONE, ,35405,-123.69979303561665,38.931709256656504,0.5596455463827603,48.54672060823212,42.58894895572724,5.957771652504881,5.957771652505408,0.0,0.0,0.0,0.0,0.0,0.7061855670103093,1.0,30.468093534901485,7.929958985608493,5.539653369982088,1.0,4.0,1460.8278200000002,166.7611666666667,0.196,0.804,controlled_export_or_distribution_upgrade,0.196,286.32225272000005,1711.0944759308436,PG&E 60kV,60,PG&E,Operational,OH,east,307.5659259987107,0.02415228990704487,1000.0,378.5059138461464,48.729900977541,043381101,POINT ARENA 1101,4179714,106.0,196.0,12,3.0,Mar 2026,POINT ARENA 1101,POINT ARENA,12,713,162,15,24,17,382,687,1069,576.0,1344.0,581.0,Moderate,4.6538,1460.8278200000002,R,AG60,AG,1.0,0.7061855670103093,1.0,1.0,0.0,0.952438347626432,0.2611721611721612,0.2937704918032787,0.098,0.9450683345856266,0.18066794764841734,0.3961927523238783
129,True,,False,insufficient_static_pv_ica,1310500600,1310500600,greenfield,1,False,11500 S HWY 1,ELK,33628,-123.69786969444787,39.071846769493334,0.5588435876189629,55.71978394453377,39.947431944609505,15.772351999924268,15.772351999924318,0.0,0.0,0.0,0.0,0.0,0.8295454545454546,0.8863636363636364,16.90200809235411,7.436377805062813,3.0730923804280197,1.0,4.0,1545.7377699999997,176.4540833333333,0.0,1.0,controlled_export_or_distribution_upgrade,0.0,0.0,439.2871962703294,PG&E 60kV,60,PG&E,Operational,OH,west,143.6157385189151,0.05466946040952798,2500.0,236.76520036111464,135.1292342373578,042981101,ELK 1101,4246873,0.0,0.0,12,3.0,May 2026,ELK 1101,ELK,12,1317,177,25,16,17,1024,1163,2187,873.0,2366.0,873.0,Moderate,4.9243,1545.7377699999997,R,AG60,AG,0.8451004046177054,0.8295454545454546,0.8863636363636364,1.0,0.0,0.8736030049743837,0.4824175824175824,0.5171584699453552,0.0,1.0,0.6444956562989761,0.0
130,True,,False,insufficient_static_pv_ica,0270310900,0270310900,greenfield,1,False,23501 WINDY HOLLOW RD,POINT ARENA,39394,-123.69242270510082,38.92899122426379,0.5586534440264797,131.3056999869596,118.16443460156377,13.14126538539584,13.14126538539612,0.0,0.0,0.0,242530.0,1847.0637605533227,0.6917293233082706,0.6842105263157895,33.80401618470822,6.839979432088133,6.146184760856039,1.0,4.0,1460.8278200000002,166.7611666666667,0.263,0.737,controlled_export_or_distribution_upgrade,0.263,384.1977166600001,886.3995719826366,PG&E 60kV,60,PG&E,Operational,OH,east,746.2528322224739,0.008715210999055999,2000.0,1431.984598574344,620.9110926629105,043381101,POINT ARENA 1101,4757317,135.0,263.0,12,3.0,Mar 2026,POINT ARENA 1101,POINT ARENA,12,713,162,15,24,17,382,687,1069,576.0,1344.0,581.0,Moderate,4.6538,1460.8278200000002,R,AG60,AG,1.0,0.6917293233082706,0.6842105263157895,0.8152936239446678,0.0,0.5374545435678432,0.2611721611721612,0.2937704918032787,0.1315,0.9450683345856266,0.4121369541094016,0.7821197250236
131,True,,False,insufficient_static_pv_ica,1311001000,1311001000,greenfield,1,False,NONE, ,54564,-123.68918462022472,39.042555939490455,0.5583998294148722,52.203557709435714,44.65581799115743,7.547739718278287,7.547739718278681,0.0,0.0,0.0,0.0,0.0,0.6666666666666666,0.8383838383838383,21.794694645403982,10.764970285527939,3.962671753709815,1.0,4.0,1545.7377699999997,176.4540833333333,0.4,0.6,controlled_export_or_distribution_upgrade,0.4,618.2951079999999,444.5462264712538,PG&E 60kV,60,PG&E,Operational,OH,west,69.15729978062416,0.08342916503459744,2300.0,70.07609336239416,294.84665621651436,042981101,ELK 1101,4185824,290.0,400.0,12,3.0,Apr 2025,ELK 1101,ELK,12,1317,177,25,16,17,1024,1163,2187,873.0,2366.0,873.0,Moderate,4.9243,1545.7377699999997,R,AG60,AG,1.0,0.6666666666666666,0.8383838383838383,1.0,0.0,0.7446457655104789,0.4824175824175824,0.5171584699453552,0.2,1.0,0.6411151311115372,0.0
132,True,,False,insufficient_static_pv_ica,1331502200,1331502200,greenfield,1,False,43700 MOUNTAIN VIEW RD,MANCHESTER,38191,-123.68160149964937,38.953018233616284,0.5580692927022726,84.89039248624445,57.30439355968941,27.585998926555042,27.58599892655453,0.0,0.0,0.0,605968.0,7138.240055824815,0.933852140077821,0.8015564202334631,30.912883221542383,4.445082269243114,5.620524222098616,1.0,4.0,1460.8278200000002,166.7611666666667,0.23,0.77,controlled_export_or_transmission_study,0.23,335.99039860000005,0.0,PG&E 60kV,60,PG&E,Operational,OH,east,84.56011343067115,0.007190519348421489,3800.0,718.2292363155846,156.19728694126997,043381101,POINT ARENA 1101,3996793,160.0,230.0,12,3.0,Feb 2025,POINT ARENA 1101,POINT ARENA,12,713,162,15,24,17,382,687,1069,576.0,1344.0,581.0,Moderate,4.6538,1460.8278200000002,R,RL160,RL,1.0,0.933852140077821,0.8015564202334631,0.2861759944175185,0.0,0.8553904163642759,0.2611721611721612,0.2937704918032787,0.115,0.9450683345856266,1.0,0.8202370162894628
133,True,,False,insufficient_static_pv_ica,0274211600,0274211600,greenfield,1,False,47301 BILL OWENS RD,POINT ARENA,36559,-123.65150734332106,38.87850363379339,0.5578461604542472,77.48094148939305,73.30588567191579,4.175055817477258,4.175055817476173,0.0,0.0,0.0,24810.0,320.20777655878675,0.6484848484848484,0.3606060606060606,14.455664815829172,8.404286802027656,2.628302693787122,1.0,4.0,1460.8278200000002,166.7611666666667,0.045,0.955,controlled_export_or_distribution_upgrade,0.045,65.7372519,2345.262224268669,PG&E 60kV,60,PG&E,Operational,OH,east,463.05408256541125,0.0,0.0,,714.0220197899084,043381101,POINT ARENA 1101,4187925,31.0,45.0,12,3.0,Mar 2026,POINT ARENA 1101,POINT ARENA,12,713,162,15,24,17,382,687,1069,576.0,1344.0,581.0,High,4.6538,1460.8278200000002,R,RL160,RL,0.7227832407914586,0.6484848484848484,0.3606060606060606,0.9679792223441214,0.0,0.4896707660196296,0.2611721611721612,0.2937704918032787,0.0225,0.9450683345856266,0.09582207196302993,1.0
134,True,,False,insufficient_static_pv_ica,1310501100,1310501100,greenfield,1,False,11701 S HWY 1,ELK,25980,-123.6901227024188,39.072754482733565,0.556691720172524,86.57698387829207,65.91453462072622,20.662449257565854,20.66244925756597,0.0,0.0,0.0,125322.0,1447.5209736594056,0.42483660130718953,0.8398692810457516,21.572299802083535,16.507465850601246,3.922236327651552,1.0,4.0,1545.7377699999997,176.4540833333333,0.0,1.0,controlled_export_or_transmission_study,0.0,0.0,0.0,PG&E 60kV,60,PG&E,Operational,OH,east,4.261662062320167,0.03872083919084908,3000.0,24.876071711146547,0.0,042981101,ELK 1101,4246873,0.0,0.0,12,3.0,May 2026,ELK 1101,ELK,12,1317,177,25,16,17,1024,1163,2187,873.0,2366.0,873.0,Moderate,4.9243,1545.7377699999997,R,RL160,RL,1.0,0.42483660130718953,0.8398692810457516,0.8552479026340595,0.0,1.0,0.4824175824175824,0.5171584699453552,0.0,1.0,1.0,0.03197902022877308
135,True,,False,insufficient_static_pv_ica,0273410700,0273410700,greenfield,1,True,26300 S HWY 1,POINT ARENA,34747,-123.68343419887395,38.89166665813315,0.5566058707739032,55.01879422710678,52.141485129858324,2.8773090972484567,2.877309097249747,0.0,0.0,0.0,74017.0,1345.3039282262775,0.7076271186440678,0.809322033898305,19.125956525558596,7.854491114043186,3.477446641010654,1.0,4.0,1460.8278200000002,166.7611666666667,0.045,0.955,controlled_export_or_distribution_upgrade,0.045,65.7372519,1842.3039155246897,PG&E 60kV,60,PG&E,Operational,OH,west,1.8642536257431501,0.008794084151997988,2900.0,581.7636624489716,674.1831719969903,043381101,POINT ARENA 1101,3838646,31.0,45.0,12,3.0,Mar 2026,POINT ARENA 1101,POINT ARENA,12,713,162,15,24,17,382,687,1069,576.0,1344.0,581.0,Moderate,4.6538,1460.8278200000002,R,RMR40,RMR,0.9562978262779298,0.7076271186440678,0.809322033898305,0.8654696071773722,0.0,0.509572483732686,0.2611721611721612,0.2937704918032787,0.0225,0.9450683345856266,0.15845194535337787,0.7801478962000503
136,True,,False,insufficient_static_pv_ica,1311002000,1311002000,greenfield,1,False,NONE, ,37226,-123.68877646289114,39.05376587106666,0.5557096765641005,76.22481789286532,60.54703881349565,15.677779079369671,15.677779079369559,0.0,0.0,0.0,0.0,0.0,0.8037037037037037,0.9,44.70136350741021,6.891413043113191,8.127520637710946,1.0,4.0,1545.7377699999997,176.4540833333333,0.4,0.6,controlled_export_or_distribution_upgrade,0.4,618.2951079999999,243.50393596772957,PG&E 60kV,60,PG&E,Operational,OH,west,6.691117508436023,0.05666160553157222,3200.0,38.71386514770486,537.1362514903185,042981101,ELK 1101,4185824,290.0,400.0,12,3.0,Apr 2025,ELK 1101,ELK,12,1317,177,25,16,17,1024,1163,2187,873.0,2366.0,873.0,Moderate,4.9243,1545.7377699999997,R,RL160,RL,1.0,0.8037037037037037,0.9,1.0,0.0,0.5844194886713148,0.4824175824175824,0.5171584699453552,0.2,1.0,0.7838763907140233,0.0
137,True,,False,insufficient_static_pv_ica,1331102600,1331102600,greenfield,1,False,20001 S HWY 1,MANCHESTER,61427,-123.68098969971511,38.96312947595335,0.5556507108086575,111.99359224021966,104.34739702898894,7.646195211230719,7.646195211230855,0.0,0.0,0.0,0.0,0.0,0.8060344827586207,0.8577586206896551,73.39029829574811,6.199087724288645,13.34369059922693,1.0,4.0,1460.8278200000002,166.7611666666667,0.033,0.967,controlled_export_or_transmission_study,0.033,48.207318060000006,0.0,PG&E 60kV,60,PG&E,Operational,OH,east,10.31034654289654,0.028103322484115796,6000.0,96.22426065359504,3.4047963913173853,043381101,POINT ARENA 1101,3839466,23.0,33.0,12,3.0,Mar 2026,POINT ARENA 1101,POINT ARENA,12,713,162,15,24,17,382,687,1069,576.0,1344.0,581.0,Moderate,4.6538,1460.8278200000002,R,RL160,RL,1.0,0.8060344827586207,0.8577586206896551,1.0,0.0,0.9966009933550826,0.2611721611721612,0.2937704918032787,0.0165,0.9450683345856266,1.0,0.2974169378971051
138,True,,False,insufficient_static_pv_ica,1310300300,1310300300,greenfield,1,False,9980 HWY 1,ELK,28432,-123.70384690905964,39.09326272114387,0.5533942073729452,16.15006088783417,14.2559974939012,1.894063393932969,1.894063393932893,0.0,0.0,0.0,0.0,0.0,0.9230769230769231,0.9384615384615385,12.454111225945132,4.605140125445592,2.264383859262751,1.0,4.0,1545.7377699999997,176.4540833333333,0.0,1.0,controlled_export_or_distribution_upgrade,0.0,0.0,314.06784270862653,PG&E 60kV,60,PG&E,Operational,OH,west,8.533041690953858,0.0443164136241808,2200.0,30.90479020344962,5.27519109993712,042981101,ELK 1101,4987063,0.0,0.0,12,3.0,May 2026,ELK 1101,ELK,12,1317,177,25,16,17,1024,1163,2187,873.0,2366.0,873.0,Moderate,4.9243,1545.7377699999997,R,AG60,AG,0.6227055612972566,0.9230769230769231,0.9384615384615385,1.0,0.0,0.9947386982868442,0.4824175824175824,0.5171584699453552,0.0,1.0,0.7304694694509688,0.0
139,True,,False,insufficient_static_pv_ica,1330600100,1330600100,greenfield,1,False,18401 S HWY 1,MANCHESTER,30989,-123.68312195633202,38.982180014331036,0.5527382791628339,50.147358171462194,50.147358171462194,0.0,0.0,0.0,0.0,0.0,207933.0,4146.439764364901,1.0,0.9429824561403509,47.81489131389649,2.92960126375632,8.693616602526633,1.0,4.0,1460.8278200000002,166.7611666666667,0.0,1.0,controlled_export_or_transmission_study,0.0,0.0,17.527582207649903,PG&E 60kV,60,PG&E,Operational,OH,crosses,0.0,0.05164924952386496,3500.0,50.63228366885331,0.0,042981101,ELK 1101,4140078,0.0,0.0,12,3.0,May 2026,ELK 1101,ELK,12,1317,177,25,16,17,1024,1163,2187,873.0,2366.0,873.0,Moderate,4.6538,1460.8278200000002,R,RL160,RL,1.0,1.0,0.9429824561403509,0.5853560235635099,0.0,1.0,0.4824175824175824,0.5171584699453552,0.0,0.9450683345856266,0.9826251323208481,0.0
140,True,,False,insufficient_static_pv_ica,1330102000,1330102000,greenfield,1,False,19000 S HWY 1,MANCHESTER,30016,-123.6888648414922,38.97415909408618,0.5522563444574585,28.96704244212212,20.63548342376833,8.33155901835379,8.331559018353744,0.0,0.0,0.0,0.0,0.0,1.0,0.7252747252747253,14.010875129188275,1.1164720375687527,2.5474318416705954,1.0,4.0,1460.8278200000002,166.7611666666667,0.0,1.0,controlled_export_or_distribution_upgrade,0.0,0.0,566.9601352403414,PG&E 60kV,60,PG&E,Operational,OH,west,9.498891978864865,0.07553409123849629,2300.0,50.95286414481975,16.58294637622572,042981101,ELK 1101,3624258,0.0,0.0,12,3.0,May 2026,ELK 1101,ELK,12,1317,177,25,16,17,1024,1163,2187,873.0,2366.0,873.0,Moderate,4.6538,1460.8278200000002,R,AG60,AG,0.7005437564594137,1.0,0.7252747252747253,1.0,0.0,0.9835537937840865,0.4824175824175824,0.5171584699453552,0.0,0.9450683345856266,0.5672471751484601,0.0
141,True,,False,insufficient_static_pv_ica,0271410601,0271410601,greenfield,1,False,NONE, ,32089,-123.68862172545211,38.90542971217804,0.5518180449043205,40.289178345291496,35.756306775706804,4.532871569584692,4.5328715695846205,0.0,0.0,0.0,0.0,0.0,0.639751552795031,0.8944099378881988,22.684274018685777,8.75546713794589,4.124413457942868,1.0,4.0,1460.8278200000002,166.7611666666667,0.42,0.5800000000000001,controlled_export_or_distribution_upgrade,0.42,613.5476844000001,836.2346352531458,PG&E 60kV,60,PG&E,Operational,OH,east,50.67488280043454,0.014499153833146797,1600.0,400.83147202232834,858.877238078012,043381101,POINT ARENA 1101,3321373,300.0,420.0,12,3.0,Feb 2025,POINT ARENA 1101,POINT ARENA,12,713,162,15,24,17,382,687,1069,576.0,1344.0,581.0,Moderate,4.6538,1460.8278200000002,R,RL160,RL,1.0,0.639751552795031,0.8944099378881988,1.0,0.0,0.4236374594083141,0.2611721611721612,0.2937704918032787,0.21,0.9450683345856266,0.43333913524941226,0.6375211541713302
142,True,,False,insufficient_static_pv_ica,0272410200,0272410200,greenfield,1,False,42500 EUREKA HILL RD,POINT ARENA,37604,-123.66550916148859,38.914019691943984,0.548838781588639,14.594879983299075,14.594879983299075,0.0,0.0,0.0,0.0,0.0,27340.0,1873.2596658064451,1.0,0.75,10.674952479381542,2.400469448540723,1.9409004507966439,1.0,4.0,1460.8278200000002,166.7611666666667,0.083,0.917,controlled_export_or_distribution_upgrade,0.083,121.24870906000002,594.5962135181433,PG&E 60kV,60,PG&E,Operational,OH,east,2152.4795297116452,0.00036035964998468504,800.0,2799.8720150561912,923.9920801269074,043381101,POINT ARENA 1101,3453132,62.0,83.0,12,3.0,Mar 2026,POINT ARENA 1101,POINT ARENA,12,713,162,15,24,17,382,687,1069,576.0,1344.0,581.0,High,4.6538,1460.8278200000002,R,RL160,RL,0.533747623969077,1.0,0.75,0.8126740334193555,0.0,0.39693129245889663,0.2611721611721612,0.2937704918032787,0.0415,0.9450683345856266,0.55178532434623,0.9909910087503828
143,True,,False,insufficient_static_pv_ica,1330201400,1330201400,greenfield,1,False,BIAGGI RD,MANCHESTER,34279,-123.69228684223403,38.964971046716,0.5446817278996295,40.82731585571797,35.139360692769856,5.687955162948114,5.610069208855293,0.0,0.07788595409285504,0.0,0.0,0.0,0.9551282051282052,0.8782051282051282,29.356119318299243,3.1632060540789766,5.337476239690772,1.0,4.0,1460.8278200000002,166.7611666666667,0.033,0.967,controlled_export_or_distribution_upgrade,0.033,48.207318060000006,762.5099954017164,PG&E 60kV,60,PG&E,Operational,OH,west,141.41688802916485,0.02711951268585345,3000.0,146.65577538661177,249.47488735497825,043381101,POINT ARENA 1101,4238501,23.0,33.0,12,3.0,Mar 2026,POINT ARENA 1101,POINT ARENA,12,713,162,15,24,17,382,687,1069,576.0,1344.0,581.0,Moderate,4.6538,1460.8278200000002, ,RL160,RL,1.0,0.9551282051282052,0.8782051282051282,1.0,0.0,0.7792098486038906,0.2611721611721612,0.2937704918032787,0.0165,0.9450683345856266,0.46649405836403335,0.32201218285366384
144,True,,False,insufficient_static_pv_ica,1310700500,1310700500,greenfield,1,False,12100 S HWY 1,ELK,36018,-123.69259489127424,39.06419635702481,0.5415264056751437,13.905568270459131,12.742125149065211,1.1634431213939198,1.163443121393716,0.0,0.0,0.0,0.0,0.0,0.8305084745762712,0.9830508474576272,10.674952479381542,7.45344448502252,1.9409004507966439,1.0,4.0,1545.7377699999997,176.4540833333333,0.0,1.0,controlled_export_or_distribution_upgrade,0.0,0.0,328.15333020631357,PG&E 60kV,60,PG&E,Operational,OH,west,0.23752100793959385,0.09160241127461034,3200.0,51.18582109274191,0.0,042981101,ELK 1101,3993684,0.0,0.0,12,3.0,May 2026,ELK 1101,ELK,12,1317,177,25,16,17,1024,1163,2187,873.0,2366.0,873.0,Moderate,4.9243,1545.7377699999997,R,RL160,RL,0.533747623969077,0.8305084745762712,0.9830508474576272,1.0,0.0,1.0,0.4824175824175824,0.5171584699453552,0.0,1.0,0.7202525747623586,0.0
145,True,,False,insufficient_static_pv_ica,1233500900,1233500900,greenfield,1,False,NONE, ,38630,-123.7673063035876,39.21866641600495,0.5396224554641739,19.82407863925108,17.449346151428315,2.374732487822765,2.374732487824059,0.0,0.0,0.0,0.0,0.0,0.8987341772151899,0.8734177215189873,13.566085442547378,5.0556624710026155,2.4665609895540688,1.0,4.0,1545.7377699999997,176.4540833333333,0.38,0.62,controlled_export_or_distribution_upgrade,0.38,587.3803525999999,430.31419039743673,PG&E 60kV,60,PG&E,Operational,OH,east,0.2057863739681905,0.03912599235959604,1300.0,45.537787585272554,336.5214803574265,042981101,ELK 1101,4089499,280.0,380.0,12,3.0,Apr 2025,ELK 1101,ELK,12,1317,177,25,16,17,1024,1163,2187,873.0,2366.0,873.0,Moderate,4.9243,1545.7377699999997,R,RL160,RL,0.6783042721273689,0.8987341772151899,0.8734177215189873,1.0,0.0,0.7142505410544566,0.4824175824175824,0.5171584699453552,0.19,1.0,0.6503047431166465,0.021850191010098996
146,True,,False,insufficient_static_pv_ica,0275113701,0275113701,greenfield,1,False,28651 S HWY 1,POINT ARENA,25949,-123.65077048704062,38.86284150725107,0.5385573389947639,28.44742292780597,27.97560724747296,0.4718156803330089,0.47181568033272353,0.0,0.0,0.0,0.0,0.0,0.5396825396825397,0.9603174603174603,14.010875129188275,9.102630678401741,2.5474318416705954,1.0,4.0,1460.8278200000002,166.7611666666667,0.038,0.962,controlled_export_or_distribution_upgrade,0.038,55.511457160000006,3744.3507131403635,PG&E 60kV,60,PG&E,Operational,OH,east,35.55896913833965,0.01377671179423989,2500.0,242.03346587862833,307.7170373224372,043381101,POINT ARENA 1101,3421771,27.0,38.0,12,3.0,Mar 2026,POINT ARENA 1101,POINT ARENA,12,713,162,15,24,17,382,687,1069,576.0,1344.0,581.0,Very High,4.6538,1460.8278200000002,R,RL160,RL,0.7005437564594137,0.5396825396825397,0.9603174603174603,1.0,0.0,0.7351233010395644,0.2611721611721612,0.2937704918032787,0.019,0.9450683345856266,0.023650980334193345,0.6555822051440028
147,True,,False,insufficient_static_pv_ica,0275114100,0275114100,greenfield,1,False,NONE, ,39184,-123.65020132149174,38.85854225056614,0.5360700546976012,37.19191338268055,23.82886167656807,13.363051706112483,13.363051706109848,0.0,0.0,0.0,0.0,0.0,0.5688073394495413,0.981651376146789,11.11974216602244,8.771509011317768,2.021771302913171,1.0,4.0,1460.8278200000002,166.7611666666667,0.038,0.962,controlled_export_or_distribution_upgrade,0.038,55.511457160000006,3957.822701090626,PG&E 60kV,60,PG&E,Operational,OH,east,19.771468504423563,0.006136161256219271,2400.0,228.18265813677482,691.2643100664794,043381101,POINT ARENA 1101,3421771,27.0,38.0,12,3.0,Mar 2026,POINT ARENA 1101,POINT ARENA,12,713,162,15,24,17,382,687,1069,576.0,1344.0,581.0,Very High,4.6538,1460.8278200000002,R,RL160,RL,0.5559871083011221,0.5688073394495413,0.981651376146789,1.0,0.0,0.5009423221035816,0.2611721611721612,0.2937704918032787,0.019,0.9450683345856266,0.019104665607970975,0.8465959685945182
148,True,,False,insufficient_static_pv_ica,1311104000,1311104000,greenfield,1,False,NONE, ,53828,-123.68960544958144,39.03862569199742,0.5358613476432398,77.09952387551432,48.56197858938153,28.53754528613279,28.537545286133255,0.0,0.0,0.0,0.0,0.0,0.5294117647058824,0.9230769230769231,22.01708948872443,12.525503264281948,4.003107179768079,1.0,4.0,1545.7377699999997,176.4540833333333,0.4,0.6,controlled_export_or_distribution_upgrade,0.4,618.2951079999999,392.9867877957754,PG&E 60kV,60,PG&E,Operational,OH,west,21.869466304229597,0.045511902684407544,3300.0,51.19422043219705,668.0666755280912,042981101,ELK 1101,4185824,290.0,400.0,12,3.0,Apr 2025,ELK 1101,ELK,12,1317,177,25,16,17,1024,1163,2187,873.0,2366.0,873.0,Moderate,4.9243,1545.7377699999997, ,RL160,RL,1.0,0.5294117647058824,0.9230769230769231,1.0,0.0,0.5126988334367604,0.4824175824175824,0.5171584699453552,0.2,1.0,0.6750376662627213,0.0
149,True,,False,insufficient_static_pv_ica,1310801000,1310801000,greenfield,1,False,12500 S HWY 1,ELK,33165,-123.68851644464159,39.0567229658467,0.5351920136095747,37.3020337840971,24.24002787434256,13.06200590975454,13.062005909753843,0.0,0.0,0.0,59085.0,1583.961891782683,1.0,0.963302752293578,22.906668862006228,1.9865347543790952,4.164848884001132,1.0,4.0,1545.7377699999997,176.4540833333333,0.4,0.6,controlled_export_or_distribution_upgrade,0.4,618.2951079999999,353.4482717329541,PG&E 60kV,60,PG&E,Operational,OH,west,8.158697871466698,0.07614194678273292,3400.0,50.16813606285897,942.3216659983718,042981101,ELK 1101,4185824,290.0,400.0,12,3.0,Apr 2025,ELK 1101,ELK,12,1317,177,25,16,17,1024,1163,2187,873.0,2366.0,873.0,Moderate,4.9243,1545.7377699999997,R,RL160,RL,1.0,1.0,0.963302752293578,0.8416038108217316,0.0,0.3897219799488937,0.4824175824175824,0.5171584699453552,0.2,1.0,0.7022623184612672,0.0
150,True,,False,insufficient_static_pv_ica,1310900600,1310900600,greenfield,1,False,12451 S HWY 1,ELK,32251,-123.67787594045996,39.06255052956531,0.5345636696834859,187.87639729607162,140.86135952766023,47.01503776841139,47.01503776841188,0.0,0.0,0.0,137820.0,733.5673984785408,0.23088923556942278,0.374414976599064,20.90511527212219,20.62889435073387,3.8009300494767615,1.0,4.0,1545.7377699999997,176.4540833333333,0.0,1.0,controlled_export_or_transmission_study,0.0,0.0,0.0,PG&E 60kV,60,PG&E,Operational,OH,east,3.841779803106295,0.0655336037395704,2000.0,54.752326057053764,10.173270003556617,042981101,ELK 1101,3150599,0.0,0.0,12,3.0,May 2026,ELK 1101,ELK,12,1317,177,25,16,17,1024,1163,2187,873.0,2366.0,873.0,Moderate,4.9243,1545.7377699999997, ,FL160,FL,1.0,0.23088923556942278,0.374414976599064,0.9266432601521459,0.0,0.9898783026719774,0.4824175824175824,0.5171584699453552,0.0,1.0,1.0,0.0
151,True,,False,insufficient_static_pv_ica,1322104300,1322104300,greenfield,1,False,16001 S HWY 1,MANCHESTER,25744,-123.68257840783573,39.0165387697503,0.5339049693952798,61.344625473819136,41.231529508234786,20.11309596558435,20.113095965584343,0.0,0.0,0.0,174983.0,2852.458526699781,0.9347826086956522,0.7934782608695652,28.466539945017445,4.810832691462953,5.1757345354577176,1.0,4.0,1545.7377699999997,176.4540833333333,0.4,0.6,controlled_export_or_transmission_study,0.4,618.2951079999999,0.0,PG&E 60kV,60,PG&E,Operational,OH,crosses,0.0,0.054833826031053294,3000.0,137.90752525830516,511.78633461470287,042981101,ELK 1101,4166481,290.0,400.0,12,3.0,Apr 2025,ELK 1101,ELK,12,1317,177,25,16,17,1024,1163,2187,873.0,2366.0,873.0,Moderate,4.9243,1545.7377699999997,R,RL160,RL,1.0,0.9347826086956522,0.7934782608695652,0.7147541473300218,0.0,0.5994238502917242,0.4824175824175824,0.5171584699453552,0.2,1.0,1.0,0.0
152,True,,False,insufficient_static_pv_ica,1330301900,1330301900,greenfield,1,False,45000 STORNETTA DR,POINT ARENA,16909,-123.7108825685905,38.95196330862228,0.5330995146932423,45.98789991994683,28.64320139142829,17.34469852851854,17.29496908867643,0.00032745818023561835,0.04946741435673004,0.0,173390.0,3770.3395958899546,1.0,0.8015873015873016,14.233269972508722,1.2659296896435874,2.5878672677288588,1.0,4.0,1460.8278200000002,166.7611666666667,0.156,0.844,controlled_export_or_distribution_upgrade,0.156,227.88913992000002,2490.5288327464336,PG&E 60kV,60,PG&E,Operational,OH,west,812.402948052929,0.010361738163694617,2200.0,1473.8105027232828,337.0265541640497,043381101,POINT ARENA 1101,5181315,93.0,156.0,12,3.0,Mar 2026,POINT ARENA 1101,POINT ARENA,12,713,162,15,24,17,382,687,1069,576.0,1344.0,581.0,Moderate,4.6538,1460.8278200000002,R,AG60,AG,0.7116634986254361,1.0,0.8015873015873016,0.6229660404110046,0.0,0.7138898829019635,0.2611721611721612,0.2937704918032787,0.078,0.9450683345856266,0.08286613266126813,0.7409565459076346
153,True,,True,,1270600700,1270600700,greenfield,1,False,NONE, ,31979,-123.73557344088556,39.15176214036143,0.5329764614233794,46.8513435702153,30.198877271452563,16.652466298762736,16.652466298763116,1.3631009562601633,0.0,0.0,0.0,0.0,0.6466165413533834,0.9172932330827067,17.791587465635903,11.893960620702396,3.2348340846610735,1.0,4.0,1545.7377699999997,176.4540833333333,1.18,0.0,static_distribution,0.873,1349.4290732099998,127.76571675105856,PG&E 60kV,60,PG&E,Operational,OH,west,2.5942170682344314,0.06812325081219456,2500.0,39.156410631789356,866.4256612498535,042981101,ELK 1101,3233329,820.0,1180.0,12,3.0,Apr 2025,ELK 1101,ELK,12,1317,177,25,16,17,1024,1163,2187,873.0,2366.0,873.0,Moderate,4.9243,1545.7377699999997,R,RL160,RL,0.8895793732817951,0.6466165413533834,0.9172932330827067,1.0,0.0,0.4204517034370229,0.4824175824175824,0.5171584699453552,0.59,1.0,0.8800595382017659,0.0
154,True,,True,,1270600700,1270600700,greenfield,1,False,NONE, ,31831,-123.72815869209471,39.15200644503772,0.5324942959240704,142.84090648334217,123.46711714052364,19.373789342818526,19.373789342817094,0.0,0.0,0.0,0.0,0.0,0.40707964601769914,0.384070796460177,19.570746212199495,14.301252218411324,3.558317493127181,1.0,4.0,1545.7377699999997,176.4540833333333,1.18,0.0,static_distribution,0.873,1349.4290732099998,0.0,PG&E 60kV,60,PG&E,Operational,OH,east,5.274726555382816,0.036510762441480875,1700.0,21.612547337119636,745.8190709358447,042981101,ELK 1101,3233329,820.0,1180.0,12,3.0,Apr 2025,ELK 1101,ELK,12,1317,177,25,16,17,1024,1163,2187,873.0,2366.0,873.0,Moderate,4.9243,1545.7377699999997,R,RL160,RL,0.9785373106099747,0.40707964601769914,0.384070796460177,1.0,0.0,0.474345618073323,0.4824175824175824,0.5171584699453552,0.59,1.0,1.0,0.08723093896297818
155,True,,False,insufficient_static_pv_ica,1331501101,1331501101,greenfield,1,False,NONE, ,39230,-123.67313393856605,38.941773012784125,0.5271078659152011,120.07549466712759,81.06736616639061,39.00812850073697,39.008128500736696,0.0,0.0,0.0,0.0,0.0,0.3194444444444444,0.19444444444444445,10.452557636061094,15.721211574791612,1.9004650247383807,1.0,4.0,1460.8278200000002,166.7611666666667,0.23,0.77,controlled_export_or_transmission_study,0.23,335.99039860000005,0.0,PG&E 60kV,60,PG&E,Operational,OH,east,1125.0443372299408,0.0004929282874569018,400.0,2419.3481367406134,753.8956832929499,043381101,POINT ARENA 1101,3996793,160.0,230.0,12,3.0,Feb 2025,POINT ARENA 1101,POINT ARENA,12,713,162,15,24,17,382,687,1069,576.0,1344.0,581.0,Moderate,4.6538,1460.8278200000002,R,RL160,RL,0.5226278818030548,0.3194444444444444,0.19444444444444445,1.0,0.0,0.4705299420029902,0.2611721611721612,0.2937704918032787,0.115,0.9450683345856266,1.0,0.9876767928135775
156,True,,False,insufficient_static_pv_ica,1321800100,1321800100,greenfield,1,False,16400 S HWY 1,MANCHESTER,27457,-123.69063341405759,39.00805308849968,0.5265734482076377,110.28502954335366,73.57755607487987,36.70747346847379,36.707473468473275,0.10621035514089038,0.0,0.0,253682.0,2300.239670337815,0.9233128834355828,0.6748466257668712,42.03262538756482,3.2799913766914535,7.642295525011786,1.0,4.0,1545.7377699999997,176.4540833333333,0.0,1.0,controlled_export_or_distribution_upgrade,0.0,0.0,553.2377568881983,PG&E 60kV,60,PG&E,Operational,OH,west,6.940791015868832,0.06986806767960654,5100.0,41.97472373576868,521.680460159941,042981101,ELK 1101,4608765,0.0,0.0,12,3.0,May 2026,ELK 1101,ELK,12,1317,177,25,16,17,1024,1163,2187,873.0,2366.0,873.0,Moderate,4.9243,1545.7377699999997,R,RL160,RL,1.0,0.9233128834355828,0.6748466257668712,0.7699760329662185,0.0,0.5935223188521079,0.4824175824175824,0.5171584699453552,0.0,1.0,0.5750848079991814,0.0
157,True,,False,insufficient_static_pv_ica,0270211400,0270211400,greenfield,1,False,NONE, ,35403,-123.69847801485271,38.934707227995816,0.5238535751746609,112.09332155377898,104.61371335587182,7.4796081979071545,7.47960819790888,0.0,0.0,0.0,0.0,0.0,0.9526881720430107,0.9935483870967742,98.29852074763836,3.21339086751789,17.87245831775243,1.0,4.0,1460.8278200000002,166.7611666666667,0.196,0.804,controlled_export_or_distribution_upgrade,0.196,286.32225272000005,1282.6777851062427,PG&E 60kV,60,PG&E,Operational,OH,east,1.4326535822088557,0.03820422150934779,3900.0,191.98931351032664,0.0,043381101,POINT ARENA 1101,4619247,106.0,196.0,12,3.0,Mar 2026,POINT ARENA 1101,POINT ARENA,12,713,162,15,24,17,382,687,1069,576.0,1344.0,581.0,Moderate,4.6538,1460.8278200000002,R,AG60,AG,1.0,0.9526881720430107,0.9935483870967742,1.0,0.0,1.0,0.2611721611721612,0.2937704918032787,0.098,0.9450683345856266,0.27729377225971297,0.044894462266305224
158,True,,False,insufficient_static_pv_ica,1310800900,1310800900,greenfield,1,False,12500 S HWY 1,ELK,34691,-123.6923541088364,39.057090875140325,0.5232039075531264,28.35797904693725,18.62201085768194,9.73596818925531,9.735968189255228,0.0,0.0,0.0,0.0,0.0,0.6867469879518072,0.9156626506024096,11.11974216602244,10.463236399612567,2.021771302913171,1.0,4.0,1545.7377699999997,176.4540833333333,0.0,1.0,controlled_export_or_distribution_upgrade,0.0,0.0,765.9252322799551,PG&E 60kV,60,PG&E,Operational,OH,west,341.0478707680701,0.06588972322069156,2700.0,367.8697507288953,116.298400876547,042981101,ELK 1101,3679924,0.0,0.0,12,3.0,May 2026,ELK 1101,ELK,12,1317,177,25,16,17,1024,1163,2187,873.0,2366.0,873.0,Moderate,4.9243,1545.7377699999997,R,RL160,RL,0.5559871083011221,0.6867469879518072,0.9156626506024096,1.0,0.0,0.8902095443516838,0.4824175824175824,0.5171584699453552,0.0,1.0,0.4649035881146699,0.0
159,True,,False,insufficient_static_pv_ica,1311000800,1311000800,greenfield,1,False,13201 S HWY 1,ELK,52725,-123.67520574704908,39.04868945636388,0.5177010469889138,319.15677702663424,259.6914536275734,59.46532339906082,59.46532339906092,0.0,0.0,0.0,0.0,0.0,0.20344827586206896,0.33793103448275863,15.790033875751865,20.786540889230068,2.8709152501367026,1.0,4.0,1545.7377699999997,176.4540833333333,0.4,0.6,controlled_export_or_transmission_study,0.4,618.2951079999999,0.0,PG&E 60kV,60,PG&E,Operational,OH,east,6.849822741971987,0.0938703386739994,3300.0,66.68847313599679,71.11524170472677,042981101,ELK 1101,4185824,290.0,400.0,12,3.0,Apr 2025,ELK 1101,ELK,12,1317,177,25,16,17,1024,1163,2187,873.0,2366.0,873.0,Moderate,4.9243,1545.7377699999997,R,FL160,TP,0.7895016937875933,0.20344827586206896,0.33793103448275863,1.0,0.0,0.9313545550562277,0.4824175824175824,0.5171584699453552,0.2,1.0,1.0,0.0
160,True,,False,insufficient_static_pv_ica,0271511401,0271511401,greenfield,1,False,NONE, ,40246,-123.69363393893079,38.89918944537591,0.5137559800475062,39.25628192081795,28.55620256954979,10.700079351268158,10.700075893030453,3.63792289937747e-13,0.0,0.0,0.0,0.0,0.5433070866141733,0.9921259842519685,14.900454502470069,11.84864803654231,2.709173545903649,1.0,4.0,1460.8278200000002,166.7611666666667,0.31,0.69,controlled_export_or_distribution_upgrade,0.31,452.85662420000006,1624.7171117780952,PG&E 60kV,60,PG&E,Operational,OH,west,79.87530224179721,0.01698524502939833,2000.0,216.006542378828,798.3976809004698,043381101,POINT ARENA 1101,4147802,220.0,310.0,12,3.0,Feb 2025,POINT ARENA 1101,POINT ARENA,12,713,162,15,24,17,382,687,1069,576.0,1344.0,581.0,Moderate,4.6538,1460.8278200000002,R,RL160,RL,0.7450227251235034,0.5433070866141733,0.9921259842519685,1.0,0.0,0.45004950961614393,0.2611721611721612,0.2937704918032787,0.155,0.9450683345856266,0.19696738707760975,0.5753688742650418
161,True,,False,insufficient_static_pv_ica,1321700500,1321700500,greenfield,1,False,15600 S HWY 1,MANCHESTER,38768,-123.6898015011664,39.01657058103619,0.5112673093560507,15.196971384199934,9.966947783990923,5.230023600209011,5.230023600208497,0.0,0.0,0.0,0.0,0.0,1.0,0.9591836734693877,10.452557636061094,2.109533051644824,1.9004650247383807,1.0,4.0,1545.7377699999997,176.4540833333333,0.0,1.0,controlled_export_or_distribution_upgrade,0.0,0.0,399.91522875315945,PG&E 60kV,60,PG&E,Operational,OH,west,2.317279125124176,0.07012200261668317,1400.0,46.498723849459964,607.1283531192821,042981101,ELK 1101,3071379,0.0,0.0,12,3.0,May 2026,ELK 1101,ELK,12,1317,177,25,16,17,1024,1163,2187,873.0,2366.0,873.0,Moderate,4.9243,1545.7377699999997,R,RL160,RL,0.5226278818030548,1.0,0.9591836734693877,1.0,0.0,0.5449134233811318,0.4824175824175824,0.5171584699453552,0.0,1.0,0.6703768723103071,0.0
162,True,,False,insufficient_static_pv_ica,0273510100,0273510100,greenfield,1,False,42700 CURLEY LN,POINT ARENA,37534,-123.66545738903007,38.89493775948295,0.5039355012704957,39.98913661702466,34.42480024823288,5.5643363687917855,5.564336368792334,0.0,0.0,0.0,236357.0,5910.5302088311455,0.738562091503268,0.5882352941176471,19.125956525558596,7.3574476813085194,3.477446641010654,1.0,4.0,1460.8278200000002,166.7611666666667,0.045,0.955,controlled_export_or_distribution_upgrade,0.045,65.7372519,1123.0305250337392,PG&E 60kV,60,PG&E,Operational,OH,east,1013.2790960533265,0.01483048542147225,2000.0,1037.8985461430182,290.99346836604497,043381101,POINT ARENA 1101,3483102,31.0,45.0,12,3.0,Mar 2026,POINT ARENA 1101,POINT ARENA,12,713,162,15,24,17,382,687,1069,576.0,1344.0,581.0,Moderate,4.6538,1460.8278200000002,R,RL160,RL,0.9562978262779298,0.738562091503268,0.5882352941176471,0.4089469791168855,0.0,0.7475205605328209,0.2611721611721612,0.2937704918032787,0.0225,0.9450683345856266,0.32529249231523294,0.6292378644631937
163,True,,False,insufficient_static_pv_ica,0273411100,0273411100,greenfield,1,False,NONE, ,39363,-123.67155036795569,38.88562848660371,0.5020907772694294,119.81293646163437,85.39509544899788,34.41784101263649,34.41524231125597,0.16518483111470214,0.0,0.0,17344.0,144.75899274494262,0.7666666666666667,0.9512820512820512,33.581621341387766,6.511503966512499,6.105749334797776,1.0,4.0,1460.8278200000002,166.7611666666667,0.045,0.955,controlled_export_or_distribution_upgrade,0.045,65.7372519,2062.8090885744314,PG&E 60kV,60,PG&E,Operational,OH,crosses,0.0,0.06767754359231107,3600.0,285.9683066751561,0.0,043381101,POINT ARENA 1101,3285915,31.0,45.0,12,3.0,Mar 2026,POINT ARENA 1101,POINT ARENA,12,713,162,15,24,17,382,687,1069,576.0,1344.0,581.0,Moderate,4.6538,1460.8278200000002,R,RL160,RL,1.0,0.7666666666666667,0.9512820512820512,0.9855241007255058,0.0,1.0,0.2611721611721612,0.2937704918032787,0.0225,0.9450683345856266,0.12709644280196225,0.0
164,True,,False,insufficient_static_pv_ica,0271510200,0271510200,greenfield,1,False,25420 S HWY 1,POINT ARENA,40489,-123.69526415800235,38.90210191716099,0.5002461159678718,82.71160568980527,70.86347267629235,11.848133013512921,11.848133013514754,0.0,0.0,0.0,0.0,0.0,0.7704402515723271,0.8836477987421384,46.9253119406147,6.6268580304011,8.531874898293582,1.0,4.0,1460.8278200000002,166.7611666666667,0.31,0.69,controlled_export_or_distribution_upgrade,0.31,452.85662420000006,1361.776447655827,PG&E 60kV,60,PG&E,Operational,OH,crosses,0.0,0.036475553931064164,2400.0,233.45662735105017,264.7741995487624,043381101,POINT ARENA 1101,4147802,220.0,310.0,12,3.0,Feb 2025,POINT ARENA 1101,POINT ARENA,12,713,162,15,24,17,382,687,1069,576.0,1344.0,581.0,Moderate,4.6538,1460.8278200000002,R,RL160,RL,1.0,0.7704402515723271,0.8836477987421384,1.0,0.0,0.767379204985346,0.2611721611721612,0.2937704918032787,0.155,0.9450683345856266,0.25620523725900335,0.0881111517233959
165,True,,True,,1272600300,1272600300,greenfield,1,False,7001 S HWY 1,ELK,30920,-123.71238978461179,39.12234849066139,0.4989846324408197,49.72377553604602,45.386587124108246,4.337188411937774,4.337188411936387,0.0,0.0,0.0,37874.0,761.6879368410828,0.5414634146341464,0.47317073170731705,13.343690599226928,10.98968745017025,2.426125563495805,1.0,4.0,1545.7377699999997,176.4540833333333,1.18,0.0,static_distribution,0.873,1349.4290732099998,0.0,PG&E 60kV,60,PG&E,Operational,OH,east,17.10428252907189,0.04446311317125887,3400.0,81.85367164135897,534.3800781396094,042981101,ELK 1101,4435593,820.0,1180.0,12,3.0,Apr 2025,ELK 1101,ELK,12,1317,177,25,16,17,1024,1163,2187,873.0,2366.0,873.0,Moderate,4.9243,1545.7377699999997,R,RL160,RL,0.6671845299613464,0.5414634146341464,0.47317073170731705,0.9238312063158918,0.0,0.5860324719012381,0.4824175824175824,0.5171584699453552,0.59,1.0,1.0,0.0
166,True,,False,insufficient_static_pv_ica,0273410600,0273410600,greenfield,1,False,42750 CURLEY LN,POINT ARENA,40493,-123.6699567327702,38.89339995699296,0.49824936452300467,76.20934383975725,62.026766919978414,14.182576919778839,14.182576919778718,0.0,0.0,0.0,263306.0,3455.035652237663,0.7058823529411765,0.8455882352941176,39.586282111039885,7.703027173204953,7.197505838370888,1.0,4.0,1460.8278200000002,166.7611666666667,0.045,0.955,controlled_export_or_distribution_upgrade,0.045,65.7372519,1215.0977594282099,PG&E 60kV,60,PG&E,Operational,OH,east,490.76792168959855,0.030993189774045353,1900.0,562.9011882981553,0.0,043381101,POINT ARENA 1101,3151242,31.0,45.0,12,3.0,Mar 2026,POINT ARENA 1101,POINT ARENA,12,713,162,15,24,17,382,687,1069,576.0,1344.0,581.0,Moderate,4.6538,1460.8278200000002,R,RL160,RL,1.0,0.7058823529411765,0.8455882352941176,0.6544964347762336,0.0,1.0,0.2611721611721612,0.2937704918032787,0.0225,0.9450683345856266,0.2966810095104724,0.22517025564886617
167,True,,False,insufficient_static_pv_ica,0273410900,0273410900,greenfield,1,True,NONE, ,35646,-123.6786156723212,38.88469051578743,0.4944698488172285,55.24735749608565,37.57308731246688,17.674270183618766,17.674270084777394,0.04518356931000472,0.0,0.0,0.0,0.0,0.9707602339181286,0.9883040935672515,27.57696057173565,3.2065015219484447,5.013992831224663,1.0,4.0,1460.8278200000002,166.7611666666667,0.045,0.955,controlled_export_or_distribution_upgrade,0.045,65.7372519,2251.6670703804016,PG&E 60kV,60,PG&E,Operational,OH,west,4.73442523861382,0.04838393291438649,3800.0,174.10192123488414,290.4380368502917,043381101,POINT ARENA 1101,3285915,31.0,45.0,12,3.0,Mar 2026,POINT ARENA 1101,POINT ARENA,12,713,162,15,24,17,382,687,1069,576.0,1344.0,581.0,Moderate,4.6538,1460.8278200000002,R,RMR40,RMR,1.0,0.9707602339181286,0.9883040935672515,1.0,0.0,0.7479358723387701,0.2611721611721612,0.2937704918032787,0.0225,0.9450683345856266,0.10522366301386722,0.0
168,True,,False,insufficient_static_pv_ica,0271511101,0271511101,greenfield,1,False,NONE, ,26180,-123.68840860773248,38.90208792319584,0.49303219774071455,38.749303777444766,38.61516315744207,0.13414062000269666,0.1341406200026325,0.0,0.0,0.0,0.0,0.0,0.867816091954023,0.9310344827586207,31.357672908183282,4.921281459369298,5.701395074215142,1.0,4.0,1460.8278200000002,166.7611666666667,0.31,0.69,controlled_export_or_distribution_upgrade,0.31,452.85662420000006,1056.6795191224708,PG&E 60kV,60,PG&E,Operational,OH,crosses,0.0,0.03784904808094933,2200.0,76.64686163068944,428.4280017741657,043381101,POINT ARENA 1101,4147802,220.0,310.0,12,3.0,Feb 2025,POINT ARENA 1101,POINT ARENA,12,713,162,15,24,17,382,687,1069,576.0,1344.0,581.0,Moderate,4.6538,1460.8278200000002,R,RL160,RL,1.0,0.867816091954023,0.9310344827586207,1.0,0.0,0.6515324980494662,0.2611721611721612,0.2937704918032787,0.155,0.9450683345856266,0.3476081222793202,0.0537737979762668
169,True,,False,insufficient_static_pv_ica,0270510300,0270510300,greenfield,1,False,24000 WINDY HOLLOW RD,POINT ARENA,27589,-123.70227831946882,38.920313039895,0.4897293805040669,39.62807855119253,39.62793111740308,0.00014743378945070162,0.0,0.00014743379039927843,0.0,0.0,0.0,0.0,1.0,1.0,40.47586148432168,1.4013030309660437,7.359247542603942,1.0,4.0,1460.8278200000002,166.7611666666667,0.31,0.69,controlled_export_or_distribution_upgrade,0.31,452.85662420000006,1739.5179227446743,PG&E 60kV,60,PG&E,Operational,OH,east,106.0763786343007,0.04340514367628985,2200.0,169.3088130041142,471.45023000993064,043381101,POINT ARENA 1101,5572516,220.0,310.0,12,3.0,Feb 2025,POINT ARENA 1101,POINT ARENA,12,713,162,15,24,17,382,687,1069,576.0,1344.0,581.0,Moderate,4.6538,1460.8278200000002,R,RL160,RL,1.0,1.0,1.0,1.0,0.0,0.6240965281614586,0.2611721611721612,0.2937704918032787,0.155,0.9450683345856266,0.17560503540859493,0.0
170,True,,False,insufficient_static_pv_ica,0274210200,0274210200,greenfield,1,False,NONE, ,52406,-123.66157719521934,38.876931708125575,0.48818862807856495,52.427683902721576,45.97687632966027,6.450807573061304,6.45080757306204,0.0,0.0,0.0,0.0,0.0,0.9611650485436893,0.8009708737864077,33.581621341387766,2.9732181682329775,6.105749334797776,1.0,4.0,1460.8278200000002,166.7611666666667,0.045,0.955,controlled_export_or_distribution_upgrade,0.045,65.7372519,2928.302779788703,PG&E 60kV,60,PG&E,Operational,OH,east,6.136718429711923,0.07004630727080886,3600.0,44.18419691158703,284.8400460965109,043381101,POINT ARENA 1101,4187925,31.0,45.0,12,3.0,Mar 2026,POINT ARENA 1101,POINT ARENA,12,713,162,15,24,17,382,687,1069,576.0,1344.0,581.0,Moderate,4.6538,1460.8278200000002,R,RL160,RL,1.0,0.9611650485436893,0.8009708737864077,1.0,0.0,0.7521345515555903,0.2611721611721612,0.2937704918032787,0.0225,0.9450683345856266,0.05348774162767933,0.0
171,True,,False,insufficient_static_pv_ica,1330200800,1330200800,greenfield,1,False,44400 BIAGGI RD,MANCHESTER,35471,-123.69344192066245,38.968203039848376,0.4856366070238489,28.19565770642649,24.541438157686834,3.6542195487396576,3.6542195487394546,0.0,0.0,0.0,42835.0,1519.205561579677,1.0,0.911504424778761,22.906668862006228,0.9268253128319466,4.164848884001132,1.0,4.0,1460.8278200000002,166.7611666666667,0.033,0.967,controlled_export_or_distribution_upgrade,0.033,48.207318060000006,946.4465023832688,PG&E 60kV,60,PG&E,Operational,OH,west,417.0300615480245,0.03353326967819165,3000.0,439.8041602055861,691.2363628771536,043381101,POINT ARENA 1101,4238501,23.0,33.0,12,3.0,Mar 2026,POINT ARENA 1101,POINT ARENA,12,713,162,15,24,17,382,687,1069,576.0,1344.0,581.0,Moderate,4.6538,1460.8278200000002,R,RL160,RL,1.0,1.0,0.911504424778761,0.8480794438420323,0.0,0.5009563222291299,0.2611721611721612,0.2937704918032787,0.0165,0.9450683345856266,0.38811775141069327,0.16166825804520868
172,True,,False,insufficient_static_pv_ica,0273512800,0273512800,greenfield,1,False,27711 S HWY 1,POINT ARENA,25743,-123.66315297558185,38.88603263341661,0.48185156139821156,119.68465204558997,97.53313580951647,22.151516236073505,22.15151623607231,0.0,0.0,0.0,0.0,0.0,0.589041095890411,0.5091324200913242,41.365440857603474,9.649657496504384,7.520989246836995,1.0,4.0,1460.8278200000002,166.7611666666667,0.045,0.955,controlled_export_or_distribution_upgrade,0.045,65.7372519,1754.5063999128054,PG&E 60kV,60,PG&E,Operational,OH,east,312.85487308224253,0.040775249061127374,3300.0,409.0765723413825,0.0,043381101,POINT ARENA 1101,3099764,31.0,45.0,12,3.0,Mar 2026,POINT ARENA 1101,POINT ARENA,12,713,162,15,24,17,382,687,1069,576.0,1344.0,581.0,Moderate,4.6538,1460.8278200000002,R,RL160,RL,1.0,0.589041095890411,0.5091324200913242,1.0,0.0,1.0,0.2611721611721612,0.2937704918032787,0.0225,0.9450683345856266,0.17299261038870495,0.0
173,True,,False,insufficient_static_pv_ica,1331101100,1331101100,greenfield,1,False,43851 CREAMERY LN,MANCHESTER,34350,-123.68111927749196,38.96816910589936,0.47809473064148844,79.09687293912918,64.73898461905812,14.35788832007107,14.357888320070296,0.0,0.0,0.0,0.0,0.0,0.8361774744027304,0.6416382252559727,21.572299802083535,6.228083524482066,3.922236327651552,1.0,4.0,1460.8278200000002,166.7611666666667,0.033,0.967,controlled_export_or_transmission_study,0.033,48.207318060000006,0.0,PG&E 60kV,60,PG&E,Operational,OH,east,71.9514191660126,0.039111952843491796,2600.0,160.19894572681932,501.8880698370852,043381101,POINT ARENA 1101,4238501,23.0,33.0,12,3.0,Mar 2026,POINT ARENA 1101,POINT ARENA,12,713,162,15,24,17,382,687,1069,576.0,1344.0,581.0,Moderate,4.6538,1460.8278200000002,R,AG60,AG,1.0,0.8361774744027304,0.6416382252559727,1.0,0.0,0.6053865678712831,0.2611721611721612,0.2937704918032787,0.0165,0.9450683345856266,1.0,0.022201178912705122
174,True,,False,insufficient_static_pv_ica,0273411300,0273411300,greenfield,1,False,26411 S HWY 1,POINT ARENA,40492,-123.67467289073973,38.89337766259639,0.4760303595870015,68.62744062563822,43.8555157854161,24.771924840222113,24.771924840222326,0.0,0.0,0.0,0.0,0.0,0.3282051282051282,0.6256410256410256,11.11974216602244,12.814691713849374,2.021771302913171,1.0,4.0,1460.8278200000002,166.7611666666667,0.045,0.955,controlled_export_or_distribution_upgrade,0.045,65.7372519,1244.3145910295768,PG&E 60kV,60,PG&E,Operational,OH,east,277.0280118970808,0.02747328790674414,3300.0,390.7513867731724,0.0,043381101,POINT ARENA 1101,4826792,31.0,45.0,12,3.0,Mar 2026,POINT ARENA 1101,POINT ARENA,12,713,162,15,24,17,382,687,1069,576.0,1344.0,581.0,Moderate,4.6538,1460.8278200000002,R,RL160,RL,0.5559871083011221,0.3282051282051282,0.6256410256410256,1.0,0.0,1.0,0.2611721611721612,0.2937704918032787,0.0225,0.9450683345856266,0.28813833306283565,0.3131678023313965
175,True,,False,insufficient_static_pv_ica,1330401200,1330401200,greenfield,1,False,20900 S HWY 1,MANCHESTER,41990,-123.69345720482713,38.95316529234407,0.4758023960317109,83.98265528601647,63.95746417314706,20.025191112869408,1.7605737234667855,0.0,19.068842276647878,0.0,60752.0,723.3874636744846,1.0,0.6818181818181818,38.91909758107854,1.0497616212033485,7.076199560196098,1.0,4.0,1460.8278200000002,166.7611666666667,0.23,0.77,controlled_export_or_distribution_upgrade,0.23,335.99039860000005,924.6292198943952,PG&E 60kV,60,PG&E,Operational,OH,west,3.803176496528778,0.051045735528365756,4100.0,55.233832459792595,442.98528241699637,043381101,POINT ARENA 1101,3996793,160.0,230.0,12,3.0,Feb 2025,POINT ARENA 1101,POINT ARENA,12,713,162,15,24,17,382,687,1069,576.0,1344.0,581.0,Moderate,4.6538,1460.8278200000002,R,AG60,AG,1.0,1.0,0.6818181818181818,0.9276612536325516,0.0,0.6421166574234557,0.2611721611721612,0.2937704918032787,0.115,0.9450683345856266,0.396678472296953,0.0
176,True,,False,insufficient_static_pv_ica,0274211700,0274211700,greenfield,1,False,27711 S HWY 1,POINT ARENA,38618,-123.66672379644484,38.880701897423336,0.4679678061596017,20.393760926076443,16.600306896310798,3.7934540297656447,3.7934540297660186,0.0,0.0,0.0,0.0,0.0,0.9710144927536232,0.927536231884058,13.788480285867825,5.262913513280965,2.5069964156123317,1.0,4.0,1460.8278200000002,166.7611666666667,0.045,0.955,controlled_export_or_distribution_upgrade,0.045,65.7372519,2650.8423907379197,PG&E 60kV,60,PG&E,Operational,OH,east,11.811558525766534,0.04743917681571578,3400.0,51.25971380257002,184.11714764689484,043381101,POINT ARENA 1101,4672503,31.0,45.0,12,3.0,Mar 2026,POINT ARENA 1101,POINT ARENA,12,713,162,15,24,17,382,687,1069,576.0,1344.0,581.0,Moderate,4.6538,1460.8278200000002,R,RL160,RL,0.6894240142933913,0.9710144927536232,0.927536231884058,1.0,0.0,0.831838350213228,0.2611721611721612,0.2937704918032787,0.0225,0.9450683345856266,0.07059172219372024,0.0
177,True,,False,insufficient_static_pv_ica,0270410400,0270410400,greenfield,1,False,23105 S HWY 1,POINT ARENA,35648,-123.70588570752606,38.92266966089656,0.46044138397430856,41.579494967415705,41.579395153596884,9.981381882084861e-05,0.0,9.981381901011168e-05,0.0,0.0,90508.0,2176.7460155763733,1.0,0.8716577540106952,36.02796461791271,1.3364647427281737,6.5505390214386745,1.0,4.0,1460.8278200000002,166.7611666666667,0.31,0.69,controlled_export_or_distribution_upgrade,0.31,452.85662420000006,2137.6494070925855,PG&E 60kV,60,PG&E,Operational,OH,east,1.0100890194733045,0.05896680127734706,3100.0,31.08170769175909,535.4132210014909,043381101,POINT ARENA 1101,5572516,220.0,310.0,12,3.0,Feb 2025,POINT ARENA 1101,POINT ARENA,12,713,162,15,24,17,382,687,1069,576.0,1344.0,581.0,Moderate,4.6538,1460.8278200000002,R,RL160,RL,1.0,1.0,0.8716577540106952,0.7823253984423627,0.0,0.5854273292892741,0.2611721611721612,0.2937704918032787,0.155,0.9450683345856266,0.11793172695452481,0.0
178,True,,False,insufficient_static_pv_ica,1330500700,1330500700,greenfield,1,False,21601 S HWY 1,MANCHESTER,32222,-123.69523502115298,38.94566881195077,0.4589550891299128,78.7443837145252,56.23261726051279,22.51176645401241,22.511766454011642,0.0,0.0,0.0,113549.0,1441.9949035559566,0.9251968503937008,0.7244094488188977,36.9175439911945,3.648841160125769,6.712280725671727,1.0,4.0,1460.8278200000002,166.7611666666667,0.23,0.77,controlled_export_or_distribution_upgrade,0.23,335.99039860000005,1244.3230144110794,PG&E 60kV,60,PG&E,Operational,OH,east,6.910391182205267,0.07098513677945585,3200.0,47.76268468144801,569.6925869834007,043381101,POINT ARENA 1101,3996793,160.0,230.0,12,3.0,Feb 2025,POINT ARENA 1101,POINT ARENA,12,713,162,15,24,17,382,687,1069,576.0,1344.0,581.0,Moderate,4.6538,1460.8278200000002,R,AG60,AG,1.0,0.9251968503937008,0.7244094488188977,0.8558005096444044,0.0,0.5656993153052079,0.2611721611721612,0.2937704918032787,0.115,0.9450683345856266,0.28813590597395294,0.0
179,True,,False,insufficient_static_pv_ica,0273410400,0273410400,greenfield,1,False,26301 S HWY 1,POINT ARENA,40078,-123.67817969698048,38.8914823209879,0.45053571074572724,77.42618254659043,75.93520991227554,1.4909726343148861,1.4909726343151037,0.0,0.0,0.0,301700.0,3896.6146861038264,0.9037900874635568,0.8862973760932945,60.491397383162074,5.513636210181413,10.99843588784765,1.0,4.0,1460.8278200000002,166.7611666666667,0.045,0.955,controlled_export_or_distribution_upgrade,0.045,65.7372519,1661.5065262750056,PG&E 60kV,60,PG&E,Operational,OH,crosses,0.0,0.06226593580311344,4700.0,43.01431132246553,280.55260445140954,043381101,POINT ARENA 1101,3285915,31.0,45.0,12,3.0,Mar 2026,POINT ARENA 1101,POINT ARENA,12,713,162,15,24,17,382,687,1069,576.0,1344.0,581.0,Moderate,4.6538,1460.8278200000002,R,RL160,RL,1.0,0.9037900874635568,0.8862973760932945,0.6103385313896174,0.0,0.7553662073721159,0.2611721611721612,0.2937704918032787,0.0225,0.9450683345856266,0.18985274639553107,0.0
180,True,,False,insufficient_static_pv_ica,0273410800,0273410800,greenfield,1,True,26600 S HWY 1,POINT ARENA,35752,-123.68075637184461,38.888873479132485,0.4258444788723701,45.34404980802896,39.334010768871934,6.010039039157029,6.010039039155075,0.0,0.0,0.0,245594.0,5416.2343469487205,0.8983050847457628,0.96045197740113,34.471200714669564,4.804938648473192,6.26749103903083,1.0,4.0,1460.8278200000002,166.7611666666667,0.045,0.955,controlled_export_or_distribution_upgrade,0.045,65.7372519,1990.9033527058953,PG&E 60kV,60,PG&E,Operational,OH,west,5.77691747440738,0.039135852601063614,3800.0,49.5599366542069,547.4003968410939,043381101,POINT ARENA 1101,3285915,31.0,45.0,12,3.0,Mar 2026,POINT ARENA 1101,POINT ARENA,12,713,162,15,24,17,382,687,1069,576.0,1344.0,581.0,Moderate,4.6538,1460.8278200000002,R,RMR40,RMR,1.0,0.8983050847457628,0.96045197740113,0.45837656530512794,0.0,0.5784516021156004,0.2611721611721612,0.2937704918032787,0.0225,0.9450683345856266,0.13657199702115833,0.021603684973409698
181,True,,False,insufficient_static_pv_ica,0270510100,0270510100,greenfield,1,False,23151 S HWY 1,POINT ARENA,35649,-123.70271785624097,38.92391372506267,0.4195378638298991,41.05356442556109,32.6006344870904,8.452929938470689,8.452929938470803,0.0,0.0,0.0,230941.0,5625.358071373937,0.9791666666666666,0.9652777777777778,30.912883221542383,1.7944068878151664,5.620524222098616,1.0,4.0,1460.8278200000002,166.7611666666667,0.31,0.69,controlled_export_or_distribution_upgrade,0.31,452.85662420000006,1776.2120545281787,PG&E 60kV,60,PG&E,Operational,OH,east,209.06322396740998,0.03877354231575431,1300.0,273.9083656696429,869.3721944034468,043381101,POINT ARENA 1101,5572516,220.0,310.0,12,3.0,Feb 2025,POINT ARENA 1101,POINT ARENA,12,713,162,15,24,17,382,687,1069,576.0,1344.0,581.0,Moderate,4.6538,1460.8278200000002,R,RL160,RL,1.0,0.9791666666666666,0.9652777777777778,0.4374641928626063,0.0,0.41921465195497576,0.2611721611721612,0.2937704918032787,0.155,0.9450683345856266,0.1692781507588203,0.03066144210614219
182,True,,False,insufficient_static_pv_ica,1311000300,1311000300,greenfield,1,False,12901 S HWY 1,ELK,33102,-123.6789721533817,39.053673774544244,0.41065787579440854,103.13262577173565,100.17529425826447,2.957331513471175,2.957331513469227,0.0,0.0,0.0,774493.0,7509.6798341408685,0.3237250554323725,0.41685144124168516,13.343690599226928,18.23463819892348,2.426125563495805,1.0,4.0,1545.7377699999997,176.4540833333333,0.4,0.6,controlled_export_or_transmission_study,0.4,618.2951079999999,0.0,PG&E 60kV,60,PG&E,Operational,OH,east,5.240517336947471,0.07247280525282639,3700.0,16.54516319656556,544.4630561702861,042981101,ELK 1101,4185824,290.0,400.0,12,3.0,Apr 2025,ELK 1101,ELK,12,1317,177,25,16,17,1024,1163,2187,873.0,2366.0,873.0,Moderate,4.9243,1545.7377699999997,R,RL160,RL,0.6671845299613464,0.3237250554323725,0.41685144124168516,0.24903201658591312,0.0,0.5801532094092919,0.4824175824175824,0.5171584699453552,0.2,1.0,1.0,0.0
